UUID,Title,"First Name","Last Name","Street Address",Barangay,Municipality,Province,Country,"Phone Number","Mobile Number","Company Name","Company Website","Job Title","Favorite Color",Birthdate,"Email Address",Password
4161ebc3-1504-30a5-99f2-b59e45c66f84,Prof.,Kamren,Denesik,"56A Gleichner Pines","Dare Meadow","San Jose del Monte",Arkansas,"Saint Lucia",222-705-872,324-478-179,Walker-Reilly,murazik.org,"Mental Health Counselor",fuchsia,1993-04-29,spencer.victor@sanford.com,"&995>8B,sACm5"
37e7da10-c65d-33ed-8262-2dcb8840de49,Mrs.,Frederic,Bernhard,"47A Wilkinson Cliff","Gaylord Lane",Calamba,Pennsylvania,Niger,339-422-297,849-931-092,"Turner, West and Kuhn",kautzer.org,"Lathe Operator",olive,2021-03-27,libbie44@yundt.com,@5eV.wL.1`cQ:n($nZi
65f2495e-11e2-3a8e-901a-bca5f6890bd5,Prof.,Rashad,Kautzer,"43/30 O'Reilly Radial","Windler Parkway",Kidapawan,Massachusetts,"Faroe Islands",406-630-618,299-229-282,"Abbott, Heidenreich and Considine",torp.info,"Hoist and Winch Operator",aqua,1989-06-05,awunsch@gusikowski.net,"XVQlQ4/.D]'!YN""EE62"
a08c0ccf-8c9e-3c98-86d3-ed3f4ac9c54c,Ms.,Adalberto,Kassulke,"46A Howell Rest","Mayert Point",Bogo,Indiana,Mali,993-859-335,675-258-607,"Hammes Group",lind.biz,"Title Searcher",aqua,2001-11-13,ibarrows@schaefer.com,"2b[Ok'X@WE@l""b"
9d46b47b-a2aa-3fcd-98ed-3567ba6c92fe,Mrs.,Margaretta,Donnelly,"80 Brakus Trail Apt. 087","Monahan Course",Iligan,Hawaii,Paraguay,805-815-446,176-300-465,Rutherford-Mann,koelpin.net,"Food Preparation Worker",blue,1982-10-03,eddie.abernathy@gmail.com,#jVDuHk@19Ntn
afd393ab-75db-372f-ba13-3bcff280917e,Prof.,Yvonne,Roob,"20A Schamberger Valley Suite 518","Pfeffer Extension",Tanauan,Alaska,Ghana,867-248-024,474-476-513,Glover-Mueller,davis.net,Musician,blue,2014-07-16,salvatore.hill@stiedemann.net,DNXmaEey
ece0028c-352c-3cd1-887d-0e54d80419aa,Prof.,Nasir,Pacocha,"10/47 Emmerich Glen","Halvorson Mills",Bais,Iowa,Mexico,988-990-037,250-569-524,"Sauer, Fisher and Fisher",grady.com,"Paper Goods Machine Operator",green,2023-08-26,abigayle72@gmail.com,"qZyf;Ua{7O.V\];"
0f56cfcf-8d4a-3f6a-aa70-9467cc4a1b53,Mr.,Holly,Krajcik,"10A/69 Schmidt Cape Suite 478","Steuber Forks","San Jose",California,"French Polynesia",507-496-503,799-078-142,"Pfannerstill, Tillman and Boyle",harber.com,"Aircraft Structure Assemblers",green,1991-01-27,gusikowski.stevie@hodkiewicz.com,>;dOsu]D9Q(=x*d<rUd0
0904341c-dcf2-344a-90ec-6cbb28c995e4,Miss,Triston,Gusikowski,"48/50 Stokes Rest Suite 727","Quitzon Lock","Batangas City",Indiana,Egypt,342-345-657,474-681-667,"Spencer Group",denesik.com,"Political Scientist",aqua,2004-11-25,uhane@hotmail.com,"`|~;,7""APGTA"
19084b1c-f10c-3729-82fb-c1b0d1609295,Dr.,Ethan,Haag,"79A Johnston Center Apt. 554","Turcotte Route",Malaybalay,Kentucky,India,347-634-931,777-692-818,Denesik-Gislason,mohr.com,"Veterinary Technician",fuchsia,1972-07-26,esmith@jacobson.net,>X0MTwV-
d1cc5f64-3e58-3683-addd-e30e6db643f6,Dr.,Alta,Huels,"71 Dickens Ports","Frami Camp",Victorias,Oklahoma,Benin,364-897-830,044-874-810,Weissnat-Harber,kunze.biz,"Library Assistant",blue,2009-10-01,ugorczany@bednar.com,k*A(F_/T805~0'
7607a588-14f4-3b38-8c23-8cfcb1fc0d13,Mr.,Johnathon,Kerluke,"93A Collins Gateway Apt. 179","Dare Points",Malaybalay,Utah,France,751-683-602,970-620-868,McGlynn-Swift,dubuque.com,"Set and Exhibit Designer",navy,1975-04-01,hollie12@robel.net,Q7WS(pIhk;
3e651a19-6836-3420-954d-1fb5806828d9,Mr.,Maximo,Paucek,"13/75 Gerlach Falls Suite 221","Boehm Summit",Taguig,Maryland,Guernsey,943-296-968,603-420-115,Mitchell-Hartmann,dietrich.net,"Forensic Science Technician",purple,1977-09-16,douglas.dion@hotmail.com,X([1o8A4K!
6b26a66e-315b-3a02-9890-0210f11a4b54,Dr.,Cedrick,Purdy,"36A Marks Drives","Sanford Streets",Taguig,Georgia,Gabon,440-869-871,148-659-075,"Wiza, Zieme and Auer",block.net,"Insurance Policy Processing Clerk",fuchsia,1974-12-04,madisen.hessel@gmail.com,V0MRCD^)]N.dye$$FBK$
0de13e5d-0d9c-39e8-b3f3-c9bfa5a521be,Dr.,Hailie,DuBuque,"75 Grant Branch Apt. 867","Padberg Ridge",Bi単an,Mississippi,"Holy See (Vatican City State)",709-214-127,641-243-874,"Balistreri, Braun and Oberbrunner",wilkinson.net,"Answering Service",gray,1971-02-14,wankunding@luettgen.com,"'XEtS`<,<$"
626de5a5-db17-30bb-be8c-fbcc9407a7cb,Mrs.,Herminia,Konopelski,"29A/71 Bins Plaza","Beatty Island",Tabuk,Washington,Austria,779-627-246,815-076-586,"Ondricka, Wisozk and Harris",heaney.com,Telemarketer,olive,1980-01-13,simone.swaniawski@hotmail.com,ltdBw5w!H0J)k
bc8ada4d-6029-315d-b22c-f731dc62e7bb,Mr.,Nicholas,Shields,"42/35 Feil Lodge Suite 347","Thiel Meadows",Tabaco,Nebraska,Finland,056-247-701,858-948-187,"Rowe, Mitchell and Russel",nicolas.biz,"Municipal Clerk",silver,2012-04-15,yquigley@thiel.com,-2UV?VenyCBgq>C
0856f286-8bc4-3cc3-bb41-3f3f512c9177,Prof.,Shaylee,Casper,"08A/90 Crist Prairie Suite 706","Christiansen Forest",Calapan,"South Dakota",Iran,193-119-839,384-778-326,"O'Connell and Sons",schinner.com,"Health Specialties Teacher",silver,1991-10-04,patrick.murray@gmail.com,_Y0[^j>4@m
de11de67-da45-3fb0-a2ab-6c555d3032a4,Prof.,Lon,Shields,"53/27 Ruecker Meadow","Klocko Plain",Ormoc,Wyoming,Portugal,964-366-879,823-550-620,Nader-Rempel,becker.com,"Cafeteria Cook",maroon,1998-04-25,bkeebler@gmail.com,h[AwjzWa
199b3dd9-78d6-35a7-aef2-8675f5661a45,Dr.,Lavern,Bode,"60 Rolfson Stream Suite 781","Barton Rue",Imus,Idaho,Macedonia,106-173-967,858-798-299,"Ebert Inc",dare.com,"Ship Mates",lime,1974-02-12,emmett37@yahoo.com,CLcyHW]uAzwn8
a259d1c5-a308-335b-b5e4-79bb3b16edb1,Mrs.,Granville,Hirthe,"91 Schroeder Springs","Douglas Islands","Iloilo City",Iowa,Bolivia,627-717-838,538-557-656,"Lockman Inc",willms.org,"Heating and Air Conditioning Mechanic",lime,1994-08-08,unique30@hotmail.com,"0WW1$:%8E:x\=Z,"
851b5719-584c-39b8-9ea9-fd7cbfac0a71,Mr.,Vivienne,Abernathy,"26A/69 Morar Passage Apt. 361","Kutch Freeway",Tanauan,Tennessee,Serbia,325-491-665,969-127-204,Haag-Douglas,morar.com,"Oral Surgeon",lime,2022-05-20,darrel34@yahoo.com,"i\ea@^e+_p"
5411346f-bab9-31fc-a706-97707ad0f684,Ms.,Garett,Stark,"50 Lowe Meadow","Pouros Dale",Caloocan,Minnesota,Macao,738-370-885,929-475-071,"Runolfsdottir and Sons",watsica.com,"Funeral Director",silver,1972-03-15,clehner@prosacco.net,"E|,}@=oup9"
50a667f4-2cf7-3492-9125-0de88974b4f9,Dr.,Wyman,Weber,"71/10 Weissnat Brook","Mraz Loop","El Salvador",Wisconsin,Paraguay,560-104-194,602-923-819,"Padberg LLC",wilderman.com,"Motorboat Mechanic",white,1994-05-16,jones.christopher@gmail.com,Nl<`JYA^ts
018205c7-3815-3adb-a836-8c6f804dfbdd,Prof.,Barry,Rowe,"97 Bernhard Views Apt. 356","Huels Crossroad",Bayugan,Ohio,Tanzania,622-678-278,574-942-614,"Durgan, Stracke and Jerde",cummerata.com,"Underground Mining",olive,1986-03-14,ukulas@gmail.com,"@]hE'vJsHXv-c:9Q.+S,"
cdb5cb19-579a-36ea-a766-127ffda97191,Dr.,Dennis,Weimann,"41 Von Burgs Suite 000","Krajcik Orchard",Calbayog,Maine,Macao,185-192-069,067-848-342,"Rippin, Beer and Paucek",schimmel.com,"Tool Set-Up Operator",green,2019-01-04,aryanna98@yahoo.com,r'Q*Z_NRS{:-
3d626180-09b0-343a-a4c4-61bfe72042ad,Dr.,Mckenna,Jenkins,"46/50 Haag Way","Zemlak Park",Angeles,Hawaii,Bahrain,943-688-066,106-180-088,Kihn-Kautzer,toy.net,"Bicycle Repairer",olive,2023-08-27,fidel.mitchell@hartmann.com,"#=S|uglvO$\t[*&,"
e90c9457-bb67-3c8f-b191-e045e7b8cc43,Mr.,Maeve,Ebert,"57A Roob Village Suite 834","Abernathy Forks",Catbalogan,Ohio,Vanuatu,336-346-017,767-723-625,Dach-Haley,collier.com,"Scientific Photographer",black,2004-05-30,myra69@kassulke.net,"#)@a(MJ""2Xy3pa""0;A"
8d8b239a-5b1b-3351-b411-caa4cfcc96af,Prof.,Shayna,Toy,"37/97 Klein Key","Muller View","El Salvador",Maine,Palau,815-045-146,748-200-669,"Reinger Group",von.net,"Technical Writer",purple,2005-07-15,vschultz@hirthe.com,4^OkctYuTy.Dv&SL:L
99d67933-65d7-3377-838d-9667e97d7a1d,Prof.,Jerrold,Dare,"58A/13 Hegmann Center Apt. 305","Bartoletti Place",Sagay,"West Virginia",Morocco,174-455-088,935-695-797,"Denesik, Heidenreich and Monahan",greenfelder.com,"Boiler Operator",aqua,2008-08-09,olarson@gmail.com,"xZ,qBv)Y*/+TA@"
3f755086-5e45-3fdf-ae69-891eca139e87,Ms.,Amaya,Luettgen,"16 Pollich Drive","Lockman Land",Tayabas,Illinois,Gabon,498-943-459,010-912-840,Krajcik-Feil,blanda.info,Chef,fuchsia,1995-11-11,okuneva.tyra@marquardt.com,ZP)?2hkS#
c068c7f1-a200-3ca5-bd2d-bab3eef2d5ab,Mr.,Rossie,Stroman,"88/57 Haag View Suite 654","Lehner Ferry",Valenzuela,Washington,"South Georgia and the South Sandwich Islands",806-323-109,806-082-522,Bayer-Flatley,weber.info,Musician,maroon,1984-07-01,qbaumbach@hoppe.com,"+A4ldw\k\%Z"
1c0eab78-dd49-3de8-ab5f-fef9249ba2f4,Prof.,Libby,Jaskolski,"60A/85 Adams Flats Apt. 189","Kris Locks",Tandag,Kentucky,Slovenia,960-307-599,709-298-850,"Boyle and Sons",rau.com,"English Language Teacher",teal,2016-02-26,shanel.mccullough@hotmail.com,"d$cwHSztx,VWQ$"
603a1642-9927-3bd0-a5c1-11a993dc7054,Dr.,Deshaun,Zieme,"82A/82 Corkery Landing Suite 200","Ryan Groves",Ozamiz,Utah,"South Africa",824-918-676,447-859-436,"Collins, Crona and Gottlieb",langosh.com,"Library Technician",yellow,2010-11-14,edwardo36@yahoo.com,@~kP;Au[J=}TrK/
817ab4e1-6a11-3c4a-8bec-12d60fb424cc,Ms.,Earl,Wilderman,"33/43 Huel Light","Upton Trail","Quezon City",Wisconsin,Pakistan,077-821-330,540-408-321,"Maggio and Sons",schuster.net,Microbiologist,blue,1995-10-19,lupe.roberts@hotmail.com,(~MzC:@
9e413f79-026e-3f19-8250-f6c65fe4984f,Ms.,Immanuel,Rogahn,"85 Dach Mountains","Muller Meadows","Masbate City",Texas,"Slovakia (Slovak Republic)",211-923-408,990-972-998,"Boehm, Nitzsche and Roob",kshlerin.com,"Pastry Chef",teal,1992-11-07,allie.klocko@hudson.info,/j?2DcS8ij~u[o$nrE
477426ff-02d0-3579-a8a8-3985bd66caa8,Prof.,Earl,Kshlerin,"70/35 Jacobi Port","Mills Crossroad",Alaminos,Alaska,Bolivia,543-705-366,477-187-746,Mayer-Conroy,dietrich.com,"Casting Machine Set-Up Operator",lime,2007-10-30,sedrick.rosenbaum@steuber.net,upA)A1U/u;i2b%7|..
01c012b4-cafc-31b0-a0e3-2d378fa0879c,Dr.,Cynthia,Mosciski,"68 Robel Light","Luettgen Pass",Marawi,Alabama,"Libyan Arab Jamahiriya",302-160-510,001-288-578,"Frami Inc",bosco.com,"Bench Jeweler",silver,2022-06-10,zroberts@denesik.com,"xG^srSNOvRcK.P\!N`"
1ad2ba16-4185-3b16-9cb6-760db3d4c3b1,Dr.,Ora,Kuhlman,"90/41 Smith Lodge Suite 027","Robel Fork",Urdaneta,Texas,Gabon,432-781-703,364-032-952,"O'Conner, Rogahn and Treutel",goodwin.com,"Engineering Teacher",blue,2022-12-27,kschultz@hotmail.com,"Yit3MUqR.,{"
fc7c65c4-3aa1-385a-a0d4-73e0755186e8,Dr.,Marshall,Fahey,"31A Blick Courts Apt. 714","Dooley Rest",Kabankalan,Hawaii,Niger,938-440-411,355-687-419,"Heidenreich, Corkery and Homenick",bernier.com,"Welding Machine Tender",silver,2015-02-01,beth.pfeffer@gislason.info,F]H!8SG7:a>sfJQL
332fc60f-afc4-3a83-9315-027149876bb0,Prof.,Julia,Pagac,"13A Hartmann Viaduct","Daugherty Villages",Lapu-Lapu,Arkansas,"Heard Island and McDonald Islands",317-906-964,141-839-974,"Bahringer, White and Legros",daugherty.com,"Motor Vehicle Operator",yellow,2012-08-06,marian.lebsack@paucek.com,#Sb.pK4t
8e650291-bf6f-3ef8-b034-02f5254b3c77,Prof.,Rylan,Gerlach,"53/58 Marquardt Turnpike Suite 782","Kautzer Shoal",Victorias,Oklahoma,"United States of America",651-698-387,099-399-239,"Lubowitz, Ziemann and Jerde",goodwin.com,Announcer,aqua,1972-09-08,nlockman@gmail.com,iRpM{fNV}A5XYp
f36bb820-81b6-3781-8bb6-97059348cb40,Prof.,Hyman,Littel,"66A Schmidt Pines Suite 878","Deckow Branch",Talisay,Nebraska,Cambodia,773-283-047,287-851-173,Walsh-Breitenberg,heathcote.com,"Material Moving Worker",maroon,2009-10-20,roselyn83@gmail.com,d`#zOw;!9_eJ70
e34c1c11-0a4b-3c7d-b091-4816760b6e6b,Dr.,Mckenzie,Bechtelar,"40 Mayer Shores Apt. 033","Wehner Fork",Koronadal,Massachusetts,Israel,964-919-807,506-275-423,Robel-Mueller,bogan.com,Bookbinder,silver,1979-05-08,fiona.lakin@dach.net,"vFF566)iw!j+z""?mF"
c83f739c-764c-30da-ab3a-0e9dca8e147b,Dr.,Amy,Kling,"29 Hudson Haven","Mitchell Cliff",Pasig,Oregon,Uruguay,798-076-313,715-311-032,"Bins Inc",waelchi.info,"Marine Engineer",black,2001-12-06,rchamplin@franecki.com,"hL/"":T"
fdd23c3f-2316-3c54-b403-5ba243bf10fa,Mr.,Lulu,Dare,"21A Wintheiser Island Suite 029","Beahan Fall","Cagayan de Oro",California,Norway,169-929-270,531-156-284,"Conn, Considine and Rolfson",schneider.com,"Radio Mechanic",green,1978-06-25,meredith87@pollich.com,kATt5$c;c`*+_VS='
aa09d9f7-e08e-3dbb-8ab1-cfd8874ccd23,Mr.,Rodrigo,Fay,"05A Lind Mission","Schamberger Landing",Marikina,Nebraska,"Cape Verde",511-435-333,839-344-692,"Lueilwitz, Romaguera and Boehm",yost.com,"Personnel Recruiter",white,2010-09-29,ocrooks@pfannerstill.org,A&CW]RIUtY_'!Cb
d481c731-dded-3230-9b73-0f08d52d794a,Mr.,Aubrey,Lind,"69/45 Grady Turnpike","Strosin Estates","Surigao City",Indiana,"Northern Mariana Islands",997-873-389,386-832-688,"Harber Inc",jones.com,Biologist,purple,2021-12-23,ymante@hotmail.com,yuvm#O#
9a6b20dd-3284-3169-ad53-c9f34eb9987f,Mrs.,Jaeden,Kovacek,"59/46 Jacobs Square","Jerde Crossing",Ilagan,Connecticut,Kazakhstan,064-242-588,350-395-550,"Murphy Inc",brakus.com,"Flight Attendant",lime,1983-12-18,porter.bayer@barrows.com,]#l'FJ_2dNu>|vm
f5d68019-7914-34b3-bcb4-ce4efc7bfd92,Dr.,Nash,White,"66A/20 Sporer Parkways Apt. 996","Rippin Pine",Bacoor,Louisiana,Ireland,796-079-979,299-014-295,"Mosciski PLC",kovacek.biz,"Postal Service Mail Sorter",fuchsia,2004-07-21,jody89@bins.com,"INp4SO""`eGG"
03e96dcf-1870-307d-aa40-36f87ca14767,Prof.,Annamae,Macejkovic,"39 Carter Forge Apt. 005","Lesch Road",Talisay,Missouri,Korea,560-676-876,987-966-047,Trantow-Ferry,reichert.net,"Food Cooking Machine Operators",lime,2016-11-10,dustin.nader@gmail.com,C2#NZ?ZUoT+
bbd3f171-c8b5-3918-ae47-bfd583e3fb2e,Prof.,Karson,Denesik,"71 Gleason Brooks Apt. 963","Considine Camp","San Juan",Oklahoma,"Cayman Islands",898-667-760,616-736-942,"Ratke and Sons",weber.com,Counselor,gray,1998-03-14,lorena58@hotmail.com,P*)WDLu[Q'1wZ
3129d6cd-18c7-357b-bedd-169a5407350f,Prof.,Brenden,Auer,"03A/81 Conn Curve","Veum Key",Sagay,Kentucky,Andorra,220-913-498,561-138-765,"Little and Sons",hill.com,"Transportation and Material-Moving",fuchsia,2010-05-30,lillian27@koch.org,"U,tzXHe<I!x"
486e426e-db75-3799-84a4-6442e96e1261,Miss,Christian,Koch,"71 Collins Rapids","Runolfsson Meadow",Talisay,Michigan,Colombia,131-243-732,905-772-922,"Shields Ltd",klein.com,"Camera Operator",aqua,2018-11-26,tyson.altenwerth@oberbrunner.com,"3nD7n\M"
e034547d-03b8-362b-8f73-0f2ddde265f0,Prof.,Thalia,O'Reilly,"81A/03 Schuster Mountain","Simonis Parkway",Laoag,Georgia,"Solomon Islands",520-477-587,401-634-652,Hermann-Ernser,mueller.com,"Business Operations Specialist",yellow,2022-01-30,deangelo43@yahoo.com,"n<5WzP]W$C.ZXHqsCW""H"
d8fe0d0e-a68d-3682-a0d2-b85aafc16df3,Mr.,Makayla,Jacobson,"24/17 Heller Mission Suite 337","Muller Views","San Jose del Monte",Oklahoma,"Pitcairn Islands",617-327-417,071-826-940,Auer-Abshire,bahringer.biz,"Private Household Cook",green,2009-05-09,hbartell@hotmail.com,t^1Y.LR4Hq%JoO^Q?
327e565f-5610-3694-ac83-d13ea74c64fc,Dr.,Esta,Lockman,"81A Towne Prairie Apt. 549","Bergstrom Land",Tagum,Utah,"Christmas Island",475-706-991,418-103-485,"Cartwright and Sons",bechtelar.info,"Tire Changer",yellow,1996-07-06,jabari98@hettinger.com,?<iD*DCjxKL.
30b22125-f405-3498-80cf-3f1964e018e2,Prof.,Sim,Rohan,"68 Keebler Street Apt. 117","Schultz Ferry",Bislig,Oklahoma,Uruguay,934-285-073,633-338-363,Glover-Dach,waelchi.com,"Musician OR Singer",purple,1996-09-20,ansel65@yahoo.com,)zXtx@^hzpCF5u
1f9b06d2-948f-3f3f-b0f0-533c2048b1e5,Mr.,Dominic,Weber,"06A/27 Champlin Drives","Kozey Glen",Calapan,Minnesota,Italy,144-194-919,411-247-364,Hudson-Dicki,daniel.com,CEO,olive,1971-03-06,langosh.kailee@yahoo.com,F>|QOiBFgis]L[`:L
e706c93c-47cd-362e-b760-d2fe29644e3f,Mr.,Jaylan,Pagac,"14/75 Schmitt Trail","Roob Mountains",Isabela,Pennsylvania,"Falkland Islands (Malvinas)",073-157-361,386-759-703,Labadie-Armstrong,runte.com,Announcer,black,1992-10-06,nya.thiel@parker.biz,FV7O3+x*AqZdH&#W
086e4889-7496-3ce3-bf71-c96e16fcd432,Prof.,Vena,Davis,"82A Durgan Field","Ernser Orchard",Navotas,Colorado,Georgia,761-565-638,521-106-726,Corwin-Schiller,senger.com,"Middle School Teacher",gray,1987-06-23,marlee44@gerhold.com,4shdn;V:cLk_!%k<F$N
da09ddda-0580-30d2-bf09-9d306a26c83d,Mrs.,Winona,Schinner,"20 Hagenes Plain","D'Amore Plaza",Sagay,Indiana,Martinique,555-651-584,333-828-516,"Langosh Ltd",kihn.biz,"Occupational Therapist Aide",aqua,1990-12-20,olson.demario@maggio.org,";yO}%N(""ZLN=kE_Tw"
dc1dfd66-a1b7-3e80-89d7-df5db606a738,Mr.,Isaiah,Vandervort,"27A/99 Wilderman Garden","Runte Mount","Quezon City",Illinois,"Libyan Arab Jamahiriya",300-968-134,065-755-129,"Grady, Corwin and Koss",baumbach.com,"Lathe Operator",green,1993-10-08,nolan.sienna@hotmail.com,;3[x@k&0eE
d3616fb4-b7b6-3485-bebb-d080f96ffe9f,Dr.,Doug,Hane,"60/53 Hoppe Square","Schuppe Corner",Tangub,Hawaii,Lithuania,017-546-046,968-898-829,"Grant Group",oberbrunner.org,"Textile Knitting Machine Operator",gray,1988-05-15,medhurst.talon@waters.org,!Ul]$qX!An42#6+7/fx8
fa5f726d-4456-3698-ad79-baf14cc62f99,Prof.,Fermin,Stehr,"64/27 Rohan Roads Apt. 277","Treutel Spurs","Tarlac City","Rhode Island",Djibouti,131-129-568,811-426-480,"Reichert, Beier and Champlin",morar.biz,"Home Economics Teacher",aqua,1977-12-31,glover.laurie@walker.com,"L'ETb/vfA%\%uMOj"
24d5c42e-c1a4-3add-8ca6-c4665f38f261,Mrs.,Floyd,Kunze,"09A Muller Crest","Cummings Throughway",Laoag,"New Hampshire",Malaysia,939-235-730,137-764-088,"Jacobi, Kohler and Ferry",dach.com,"Order Filler OR Stock Clerk",white,1995-01-21,margarita57@hotmail.com,+ixHWMSvw:
a4021a64-fae5-322d-ba11-10be67afde7d,Mrs.,Darwin,Fahey,"97 O'Hara Greens Apt. 940","Wehner Lodge",Mu単oz,Michigan,"Costa Rica",078-343-968,613-002-042,West-Vandervort,bailey.com,"Cultural Studies Teacher",yellow,2007-08-16,barton.reichel@beer.org,CC:)EOdH.v'R
3a65c94b-cc87-3aed-afe6-d3fb0fb1cd1b,Prof.,Ford,Deckow,"36A/86 Brown Burg","Collins Park",Cadiz,Louisiana,Pakistan,531-269-375,980-113-464,"Lynch, Windler and Fisher",beer.com,"Medical Assistant",maroon,1997-12-28,flockman@pollich.com,J9U*_>xPG
9ce462b0-13da-39c3-aa05-2169b2fb0ec7,Mrs.,Cornell,Klocko,"23/66 Reichel Throughway","Wolf Tunnel",Himamaylan,"New Jersey",Nauru,940-241-746,977-568-134,"Hill, Nitzsche and Schmitt",wunsch.com,"Plasterer OR Stucco Mason",gray,1983-10-01,autumn50@hotmail.com,sbHBW8$u*S2q_o/
6ae7dbe6-7109-322a-8001-12323d37faca,Ms.,Gilda,Shanahan,"14A Rolfson Throughway","Heaney Islands",Valenzuela,Washington,Bermuda,233-071-572,840-855-108,"Mayert, Auer and Thiel",conn.com,"Slot Key Person",navy,2010-09-16,cali00@walsh.info,~s['rDkOq^i+df
02e02ed2-e0bc-339a-9b90-bb7cad20d518,Miss,Clemmie,Stoltenberg,"84A Zulauf Way Suite 338","Prohaska Walks","San Carlos",Arkansas,Iraq,030-243-388,446-252-097,Gerlach-Maggio,hirthe.com,"Valve Repairer OR Regulator Repairer",lime,1971-07-26,cremin.verlie@huels.com,"0y>ZI<IU""TEc^TZ*ybZz"
91c72b96-eb53-3da6-9675-1f6635f0b83b,Prof.,Norris,Bergstrom,"31A Bartoletti Cliff Suite 076","Jones Corner","Cotabato City",California,Taiwan,599-697-783,856-636-535,"Grimes, Crooks and Heller",breitenberg.org,Professor,navy,1989-10-31,qbogisich@hotmail.com,.g6zC0aG)r%u]z
76f81f20-298d-3596-a034-192158bedfed,Mr.,Kevin,Kessler,"14A/48 Considine Junctions","Anderson Pines",Iriga,Wyoming,"British Indian Ocean Territory (Chagos Archipelago)",817-663-985,890-469-780,Labadie-Romaguera,pacocha.com,"Operating Engineer",lime,1970-10-17,joan.glover@hotmail.com,"x""c0DTG"
ec402781-7c4f-30e3-b159-f2580c348abd,Dr.,Lelah,Walter,"26A/41 Nicolas Fields Suite 654","Herzog Crossroad",Samal,Connecticut,Korea,673-114-780,066-686-432,"Considine, Powlowski and Morar",fadel.com,"Scanner Operator",lime,1985-08-25,casper.wendell@hotmail.com,PLjU:)Mx!%StVdhlD
67bbb515-8df0-3141-97e2-6f51c5c33499,Miss,Kolby,Stark,"11A Braun Centers","Zboncak Ville",Tandag,Utah,Somalia,455-620-157,271-079-887,Marquardt-Botsford,quitzon.org,"Musical Instrument Tuner",green,1973-03-19,ida99@hotmail.com,@z'5/'[y5!lcr6
5760934a-4274-3390-b695-0f178ef0c9fa,Mrs.,Eino,Maggio,"39 Rohan Parks Apt. 213","Walker Crescent",Baybay,"North Carolina",Turkey,996-696-433,227-255-391,"Herman LLC",tromp.biz,"Nuclear Power Reactor Operator",gray,2019-06-20,colby.mante@heathcote.net,sTYT|uzu]Y[0e=HY
662c244f-67d2-3875-b224-32ca93470752,Dr.,Ansley,Will,"18 Kulas Drive Suite 644","Wolff Wall",Baguio,Vermont,"British Virgin Islands",584-578-844,394-135-724,Fahey-Cronin,harber.info,"Animal Breeder",silver,1971-12-29,boyd83@kub.info,EAx7EF^PQ_NE6&QKR
30360345-de3f-3e71-92dc-3abcbdcba6d6,Mrs.,Wilber,Greenfelder,"78 Dickinson Knoll Apt. 206","Ullrich Village",Mabalacat,"New York",Burundi,878-202-875,184-100-588,"Stehr, Kutch and Schroeder",greenfelder.org,"Bindery Machine Operator",green,2022-03-01,mmcdermott@mante.com,"-z4]GQnb#Nx\"
6e7fee85-d330-3d49-aa1b-8f4c148d9062,Dr.,Saige,Bednar,"56A/34 Nicolas Turnpike Apt. 021","Hackett Neck","Cotabato City",Mississippi,Bermuda,057-445-617,634-628-616,"Rosenbaum PLC",lakin.com,"Plating Machine Operator",silver,2006-07-05,brandyn77@gmail.com,)MhTiS[@[pH%jN
00194ef5-e8ad-36a0-9b6b-5cbb98f2eaaa,Mr.,Edmund,Kerluke,"49 Gutkowski Trail Suite 554","Hagenes Street",Lapu-Lapu,Connecticut,Gambia,165-772-389,502-136-465,"Stamm, Wolf and Friesen",west.info,"Pharmaceutical Sales Representative",fuchsia,2011-12-27,meaghan53@gmail.com,GCYy8KS0
06804d40-7172-3c77-83dc-f550068b2adb,Miss,Karelle,Mraz,"65A/26 Bechtelar Mountains","Bogan Lane",Pasay,"Rhode Island",Lesotho,110-343-400,198-846-950,"Emmerich Inc",green.com,"Instructional Coordinator",gray,1994-07-01,maximillia.toy@hotmail.com,5~b:P3w@B<
a8b29d48-c4be-3aff-b001-26a432368232,Miss,Viviane,Emard,"95A Kuphal Club Apt. 816","Balistreri Well","Cotabato City",Connecticut,"Equatorial Guinea",701-048-517,519-698-394,Medhurst-Mosciski,lebsack.org,Heaters,fuchsia,1988-06-02,nfritsch@yahoo.com,>co|ScCw{r*np3Sa21|
42d571eb-e19c-3289-890c-8129177b37e0,Dr.,Dora,Nitzsche,"26 Crona Trail Suite 667","Emmerich Square","Masbate City","District of Columbia",Luxembourg,873-634-555,217-206-231,"Roberts, Ferry and Rutherford",jacobs.com,"Plastic Molding Machine Operator",blue,1979-08-14,gromaguera@veum.com,"#(X0e\W@+/QIHw"
40688608-0e8e-3a12-b4cf-bfa5c0ed131a,Mr.,Breana,Little,"41A Rau Ridge Suite 841","Kassulke Prairie",Pasay,"New York",Ukraine,441-079-034,908-128-438,"Lemke and Sons",runte.info,Bookbinder,aqua,2018-10-22,emilio.gusikowski@hotmail.com,"\]4umOIzkPj+z3[;"
ecd3e6e2-94b8-323e-a5b3-c06248155f14,Mr.,Aniyah,Fadel,"43 Johnston Lights","Swift Bypass",Bi単an,Pennsylvania,"Lao People's Democratic Republic",072-448-335,524-285-429,"Kerluke, Mertz and Conn",homenick.com,"Extraction Worker",green,2018-11-13,wschumm@nolan.org,"oPtZ%I/\d^~'nZYjlILB"
2c1af260-8d0c-3661-b159-7f7d74e4a4e9,Miss,Alexane,Stiedemann,"47A Raynor Gardens Suite 138","Gorczany Row",Bacolod,"South Dakota","Equatorial Guinea",549-021-783,148-678-830,Schuster-Bernhard,greenholt.com,"Office Clerk",olive,1979-10-22,ken82@steuber.info,p}UkyLB;08'll~22jQn
3e5ebf78-26e1-3fc0-bc91-98c00dc52073,Prof.,Dejon,Miller,"39 Dickinson Loop Suite 260","Ward Mission",Valencia,Texas,Djibouti,031-861-463,777-276-483,"Kilback, Gutkowski and Kassulke",kuphal.biz,"Executive Secretary",purple,1972-03-15,jschulist@gmail.com,<~)~S+n
73424c9f-f8b1-30db-9cae-6687be9a37e5,Mr.,Garrick,Wisoky,"31A Funk Island Apt. 178","Brekke Parkway",Toledo,"New Jersey","South Africa",378-807-648,606-235-796,Streich-Adams,beer.com,"Welding Machine Setter",black,2021-10-01,fredy.stamm@gmail.com,+`]{tl
8d5e3fff-c233-3221-9632-54ebd03026a2,Prof.,Melvin,Waters,"61 Reichert Stream","Wolf Vista",Manila,"South Carolina",Afghanistan,016-108-741,243-764-337,Sauer-Toy,flatley.info,"Building Cleaning Worker",gray,2003-02-28,uebert@fisher.com,Au!*$B((l5#yQFc/
797d288e-dfac-3658-b357-041b5ba60dc7,Miss,Britney,Rau,"88A Jenkins Crescent Apt. 962","Reinger Cove",Passi,"New York",Japan,338-788-050,507-465-939,"Jacobs Inc",kling.com,"Interaction Designer",maroon,1999-05-29,salvatore94@gmail.com,"xX.=NF/4O#Y2Qp\+"
be9a142f-d2f4-3d7c-819c-2d1adb32bef1,Dr.,Korbin,Waters,"89A/30 McCullough Motorway Suite 002","Lebsack Prairie",Talisay,Pennsylvania,Lithuania,538-550-779,671-501-274,Sporer-Durgan,cruickshank.com,Sheriff,olive,1991-05-12,karli.walsh@hotmail.com,F_gT&a
1b348d41-d196-34c8-8ef0-d25105c51644,Mr.,Lora,Lakin,"49A/37 Lakin Mountain","Mosciski Loop",Bacoor,Connecticut,China,507-373-885,399-217-180,Welch-Lubowitz,bins.com,"Medical Sales Representative",teal,1984-09-06,oconner.louie@hotmail.com,l[+@-Y(*'Bl
dcfc8e43-b711-3d60-bfa6-2b4cf9c3bd80,Miss,Porter,Weber,"47A/38 Moore Tunnel Apt. 366","Schaefer Meadows",Ormoc,Tennessee,Azerbaijan,390-870-834,133-693-757,Collins-Bauch,bergnaum.com,Home,maroon,1994-10-10,schinner.corine@hotmail.com,r:FtXDL2|'T%NNlcq
0430c04e-f220-373d-9439-47a5f73624cb,Mrs.,Nella,Monahan,"91/83 Rempel Junction","Brakus Harbors",Bi単an,Delaware,Djibouti,351-873-041,403-504-339,Block-Cassin,walsh.com,"Occupational Therapist",black,1993-11-15,evie.skiles@hotmail.com,nPsdY~DZ?XoH$ep
60852af9-93c6-33b1-a691-756586f88d6b,Dr.,Lauryn,Russel,"14 Botsford Heights Suite 176","Ritchie Fords",Imus,Utah,"Saudi Arabia",480-208-236,936-694-077,Robel-Klocko,pfeffer.info,"HR Manager",fuchsia,1976-05-09,gprice@gmail.com,>m}?'x$C[]C
85f0149e-6f25-38fe-ab35-c382bf6e50b4,Prof.,Willard,Hegmann,"96 Wiegand Way Apt. 114","Nikolaus Junction",Butuan,Alaska,"Libyan Arab Jamahiriya",990-668-701,970-260-067,"Waters LLC",kozey.info,"Sawing Machine Setter",navy,2006-04-27,dicki.adela@hotmail.com,B5/Mo//!@@[6G$-|
386733b0-fcfe-3286-9c4a-58559731f11c,Mr.,Amie,McDermott,"16 Johnston Ford Apt. 858","Kuphal Crest",Roxas,Minnesota,Nauru,657-064-311,728-708-973,"Hartmann, Okuneva and Schoen",rolfson.net,"Bridge Tender OR Lock Tender",green,2011-07-02,ali.koch@hotmail.com,kjVH4.B+(w360>n
33a96c33-23e1-32a8-882c-2b0433d1136a,Dr.,Electa,Stiedemann,"10/74 Jerde Stream Suite 150","Herman Stream","Cagayan de Oro","District of Columbia",Nigeria,299-130-232,844-316-401,"Williamson LLC",abernathy.com,"Annealing Machine Operator",gray,1998-11-11,kirk24@ryan.com,&?;tvJ/y
384459d8-ee79-320a-8e52-bdf971b52f9b,Mrs.,Rocky,Beer,"38 Jaskolski Stravenue Apt. 035","Stanton Shore",Naga,Nebraska,"Marshall Islands",319-056-396,806-710-096,Osinski-Mohr,keebler.com,Council,silver,1978-05-03,windler.irving@romaguera.com,inYIvF}mNdAr`:b:3jv<
af999d52-c501-30cc-bfa2-716f1dec3f4f,Miss,Rickie,Parker,"27A Stanton Knoll","Nikolaus Islands",Mabalacat,Washington,Japan,200-294-558,511-836-766,"Donnelly Inc",okuneva.com,"Biological Scientist",silver,1985-10-13,jamal.leuschke@ratke.com,cVFYmaym.Dh`wQ}OI|
8156bd0f-900f-33c4-803f-02dbc61b8788,Dr.,Al,Little,"93A/93 Kilback Field","Johnston Island",Tagum,"New Mexico",Guinea-Bissau,393-001-177,292-279-762,"Roob, O'Connell and Graham",hahn.info,Carver,gray,2020-12-16,bgottlieb@hotmail.com,g5{g>86
646fc7e5-4751-3b4d-96f1-9a38da3402dd,Prof.,Elinore,Wintheiser,"33 Schroeder Isle","Murazik Squares",Ilagan,"North Dakota","Cape Verde",571-303-755,603-167-804,"Pagac, Pollich and Gleason",vandervort.com,"Materials Scientist",white,2005-02-12,vida47@greenholt.net,fjK8t/'
0a32de95-aef4-332f-abf3-19e346afff13,Dr.,Eda,Gutkowski,"99 Cassin Vista","Eichmann Roads",Mati,"District of Columbia",Jamaica,418-158-849,552-636-111,"Stamm, Ledner and Stiedemann",jenkins.com,"Mapping Technician",teal,2020-08-23,deja42@hotmail.com,"=""c.LPth~$M(P?Ae"
b82c2b4c-7e27-3bf1-b63c-1b20272dfb5f,Dr.,Reynold,Dooley,"11 Bechtelar Isle","Lakin Spring",Carcar,Connecticut,Mayotte,158-085-148,500-839-985,"Hodkiewicz Ltd",greenholt.info,"File Clerk",purple,2017-01-09,angus.christiansen@gleichner.com,xnQ|3|[P+_sA=Pui?MWZ
dfe27120-b30d-36f0-9ba0-cff7ae67be07,Dr.,Carmen,Bosco,"79A Carroll Station Apt. 866","Brown Key",Ormoc,Nevada,Malaysia,546-080-821,683-487-019,"Leffler PLC",farrell.info,"Urban Planner",aqua,1998-10-03,braun.zola@bosco.net,")_AH-,J/okdeh8jO-"
7c0c305b-c4a6-34a6-b828-c8491dd5ae16,Dr.,Roscoe,Beatty,"95 Kunze Hollow","Macejkovic Alley",Pasay,Idaho,"Equatorial Guinea",699-422-064,622-253-217,Boehm-Ziemann,walsh.com,"Substance Abuse Counselor",aqua,1979-01-03,welch.drake@hotmail.com,<f~j_=en)^
8d048c50-ff13-3202-8acd-002cb31428a9,Mr.,Jerod,Moen,"56/75 Ryan Mount","Bechtelar Junctions",Lapu-Lapu,Michigan,Argentina,589-101-644,601-659-980,"Hettinger, Tremblay and Mills",stiedemann.org,Sheriff,olive,2001-09-16,ibailey@gmail.com,">;j\Nf8A][Uh5uV"
55148d42-b86d-3345-93e3-3126c2283c3f,Dr.,Catharine,Howell,"88A Ritchie Club Suite 807","Oberbrunner Course",Gapan,Louisiana,Peru,573-308-575,020-999-582,Reynolds-Kshlerin,schmeler.com,"Health Educator",olive,2009-12-14,immanuel.heller@beatty.biz,"E'MJ,#MANU.P/!;e\8b3"
66e36eed-a900-3070-8b0c-5566bfce770c,Prof.,Bethel,Streich,"42/26 Rolfson Run Suite 996","D'Amore Plain","Quezon City",Missouri,Palau,875-584-459,448-694-524,"Bechtelar Group",glover.com,"Transformer Repairer",olive,2015-07-12,waelchi.jalen@yahoo.com,"gox|SDQu1yO#E,tcl;aH"
f7886315-4eb5-3bda-b1de-4c8d80c78a80,Dr.,Marshall,Goldner,"89A/96 Wolf Ways Suite 418","Reilly Center","General Santos",Indiana,"Sri Lanka",237-034-488,919-401-005,"Tremblay, Luettgen and Jacobs",satterfield.com,"Stringed Instrument Repairer and Tuner",maroon,2012-08-09,raynor.rosella@gutmann.com,7$~3WJNn{am~>lJY!
a0938aa1-be10-3aac-9ba1-b83f83c3bab3,Prof.,Arno,Goodwin,"36/74 Mann Lodge","Corkery Mews",Ilagan,Delaware,Singapore,321-749-533,723-910-061,Sanford-Romaguera,aufderhar.net,"Aerospace Engineer",gray,2015-12-30,uriel80@hotmail.com,jUl~5)V[mLR
de567fde-20b1-3bf7-be41-09b3758b5cc1,Mrs.,Tyra,Grimes,"38 Reynolds Ways Suite 627","Bins Walk",Himamaylan,Massachusetts,Japan,929-434-835,937-524-451,"McCullough, Collins and Kilback",cole.com,"Product Promoter",navy,2015-10-06,lemuel.murazik@watsica.com,"N~;,h$0s9F.@<OE,O"
c6f55d76-d6c9-3189-946e-705625d359bd,Dr.,Arvid,Hessel,"25A O'Kon Mission","Little Dale",Bayugan,Maryland,"Slovakia (Slovak Republic)",726-531-162,145-735-563,Considine-Muller,hickle.com,"Engine Assembler",purple,1984-04-25,haley.eveline@gmail.com,"kWg$-2&%2hK,r)JSGV"
ee830d71-f589-3c17-8159-723d9d6f06fb,Mrs.,Malcolm,Runte,"55 Marks Road","Zieme Light","San Fernando","North Carolina","Trinidad and Tobago",637-704-568,067-276-736,"Ullrich, Bashirian and Turner",witting.net,"Shear Machine Set-Up Operator",blue,2012-08-04,jordan.runolfsdottir@heathcote.com,;)(9>S8wRou9?
02203e54-4be8-3c6b-b210-2337463db468,Mrs.,Daphnee,Mertz,"20 Considine Springs Suite 302","Skiles Court",Lamitan,California,Andorra,430-637-416,671-737-013,Upton-Leannon,rice.biz,Paralegal,yellow,1983-12-06,rdickinson@hotmail.com,}bz7ivei
c1102463-1a50-3ab5-87fc-9a1849aa55cd,Dr.,Kaleb,Zboncak,"55A/64 Frami Drives","Herman Gardens",Talisay,Washington,"United Arab Emirates",080-774-111,612-633-441,Sauer-Schinner,will.com,"Human Resources Assistant",gray,1974-06-07,leonardo84@vonrueden.biz,/=ZjG9`^_p)D
4267a99c-7fe3-3e16-8d8c-ab02cda9bb52,Mrs.,Casimer,Adams,"32A Simonis Ports","Wolff Lane",Gingoog,Illinois,Mozambique,994-614-896,963-527-542,"Haley Group",jakubowski.com,Millwright,teal,2017-11-17,willard50@yahoo.com,l)rwx&Us{UYKf$y~
3aef7bf7-9483-312e-84ea-dcbdcaac53a8,Mrs.,Amalia,Dare,"96A Herman Extensions Suite 960","Pouros Hollow",Dumaguete,Kentucky,Kazakhstan,927-165-702,941-343-961,Hartmann-Wisoky,lakin.com,"Truck Driver",navy,1997-11-07,kylie.robel@price.com,ZFJ{HmG%!EpvVX&Q>
6930a26e-36c0-3cd3-a96f-c141ce64282c,Prof.,Cedrick,Marquardt,"19A/23 Nikolaus Rue Apt. 330","Luettgen Turnpike",Talisay,Iowa,China,024-268-950,184-277-983,"Legros LLC",mcglynn.com,"Statistical Assistant",green,1971-09-05,kay43@gmail.com,"Kfh`D7XB"")m~b#|*%,"
719b0809-ffcd-3d9e-89e5-811adce11e12,Dr.,Hazel,Streich,"97/24 Swift Inlet Suite 049","Wyman Cove","Sorsogon City",Maine,"Antarctica (the territory South of 60 deg S)",540-135-336,422-125-968,O'Hara-Windler,berge.com,"Building Cleaning Worker",aqua,1990-03-01,cole57@hotmail.com,"|'!4O""EXN.5)"
50604019-443e-312e-bf87-66eef0e4e19a,Mr.,Janessa,Gutkowski,"12/57 Kuhic Summit","McDermott Inlet",Manila,Montana,"United Kingdom",711-973-205,206-532-228,"Stanton, Nienow and Zboncak",kuhic.com,"Stationary Engineer",black,1997-11-30,oledner@stanton.com,N;w^/{dq[;O
736e13cc-e496-3031-b864-ccd26d6dfafb,Dr.,Rudy,Sporer,"67A Deckow Causeway Apt. 019","Davis Track",Bislig,"South Dakota",Australia,188-213-056,840-656-937,Schmeler-Beier,huel.com,"Legal Support Worker",black,1991-06-21,hcruickshank@hotmail.com,Tkcqf+X>$}W<Z0y96&
62eb1852-a5aa-3c51-acad-a081f06f2c9f,Prof.,David,Greenfelder,"46/42 Weimann Villages Suite 030","Crooks Manors",Pasay,Idaho,Ukraine,452-769-797,796-939-733,Witting-Zulauf,hyatt.com,"Athletes and Sports Competitor",silver,1972-07-28,katherine64@gmail.com,">,VH9Q0X"
6fe4f89e-efd1-3208-a501-8182f517b502,Prof.,Howard,Von,"38A Gorczany Spurs","Maggio Squares","Quezon City",Arizona,Lesotho,101-811-038,184-994-630,Feest-Bogan,dare.com,"Medical Appliance Technician",yellow,2014-07-25,paucek.dudley@dickinson.com,"$Zyzm@cGm!1,522wq"
01acda13-3db7-3040-a46e-a6dfe2da40fd,Mrs.,Ahmed,Fritsch,"95 Gorczany Drive Suite 778","Greenholt Viaduct","Zamboanga City",Kansas,"Cayman Islands",495-531-268,994-415-778,"Parker and Sons",champlin.com,"Social Worker",gray,2019-04-13,vincenzo17@little.com,"r8qXJ]4BjW*~Sr(#x"""
dc45f565-c445-3848-b478-16d79cb7e9c2,Prof.,Aaliyah,Shields,"71A/40 O'Kon Haven","Langworth Islands",Baybay,Nevada,Guam,759-027-162,080-567-833,"Zboncak, Beer and Lueilwitz",dooley.com,Paperhanger,white,1992-08-05,alexzander10@marks.com,.rE.)j
bcd29f92-138a-3557-85fe-36ee97296c39,Prof.,Rebecca,Heaney,"80 Dare Mews Suite 318","Predovic Oval",Santiago,Minnesota,Lithuania,352-562-987,146-860-592,"Kris, Aufderhar and Thiel",funk.com,"Motion Picture Projectionist",navy,1973-06-04,pgulgowski@monahan.com,tW7vcvv'>}K/lp4fn
472010d0-2885-382a-8b86-560bfadeb640,Prof.,Taya,Kautzer,"34A/87 Wilkinson Trace Apt. 512","Hayes Plain",Lipa,Maryland,Bhutan,002-649-637,631-106-684,Paucek-Fadel,gulgowski.com,"Organizational Development Manager",gray,1982-04-12,franz.zboncak@hotmail.com,>#:/cE*yi+
833c7e86-6260-37bc-9664-12f3416d592a,Mr.,Erin,Donnelly,"47/88 Hansen Camp","Reinger River",Carcar,Texas,"Faroe Islands",849-705-515,296-779-237,McClure-Kling,adams.com,"Ship Captain",gray,2022-06-27,wolf.emelie@hotmail.com,-k1='i
77862faa-fc6b-3226-aa33-deadefe2bfc2,Mr.,Jaycee,Glover,"28 Schoen Springs","Harvey Plaza","San Carlos",Connecticut,Paraguay,190-196-422,578-574-101,"Schiller and Sons",weber.com,"Segmental Paver",silver,1981-08-27,holden.brakus@hotmail.com,"u}shAeJx,&"
25fbe717-343e-3c36-b41c-417b5f825fe4,Prof.,Kiarra,Corkery,"97/23 Keeling Ville","Yost Motorway",Makati,Ohio,Guinea,515-382-309,881-343-258,Sawayn-Reinger,pfeffer.com,"Plating Operator",lime,2014-06-04,weffertz@weber.com,>xy8xQ]S
eeabac29-6fe0-36c4-9372-776ef79e8ce5,Dr.,Randy,Jenkins,"67 Moen Via","Schuster Inlet",Lamitan,"District of Columbia",Qatar,541-393-765,379-494-804,"Kling, Beer and Bauch",white.com,Geologist,lime,2010-07-04,edibbert@yahoo.com,rl1Dl954
1098100c-98b4-3b4a-8ce5-0e362309cd15,Prof.,Tiana,Bednar,"97/24 Kemmer Turnpike","Gleason Loop",Cabadbaran,"New Hampshire",Italy,616-173-666,243-147-558,Dicki-Kirlin,kerluke.com,"Diamond Worker",maroon,2009-01-14,rudy88@yahoo.com,ItRNd'[SD
2bd361c8-2d6a-3e7a-bb12-ede77e100c4b,Prof.,Claudine,Kling,"17 Quigley Point","Kirlin Stravenue",Dumaguete,Maryland,Egypt,516-440-918,407-837-079,"Crona PLC",murazik.com,"Electrical and Electronic Inspector and Tester",white,2002-05-29,nmohr@bins.org,=;3!BAe.]MQNTKH]dBSQ
b4c65822-ef0f-3060-8e1f-28bf7cf8ddbe,Ms.,Jaunita,Shields,"46A/23 Friesen Trace Suite 388","Goyette Junction",Himamaylan,Pennsylvania,Uganda,259-978-218,577-519-577,"Dibbert Inc",predovic.biz,Butcher,silver,2009-05-26,celestine35@yahoo.com,Ap-@%>Sn|:@O$@/
99b9794c-e52f-3606-8aff-2f70b735f27c,Prof.,Laurianne,Kulas,"81A/35 Berge Lodge","O'Reilly Highway","La Carlota",Nevada,"San Marino",364-468-364,631-278-876,"Braun, Lesch and Langosh",oconnell.net,"Photoengraving Machine Operator",maroon,1982-10-21,raina37@gmail.com,"@s!11p(.\vqQ"""
239dd7ae-fb5a-3ebf-ac15-e0adad01350c,Dr.,Joaquin,Glover,"54A/26 Powlowski Villages Suite 373","Lindgren Spurs","Trece Martires","New Mexico",Denmark,951-886-468,551-849-680,"Witting, Schmeler and Jenkins",legros.info,Architect,teal,2003-10-12,vicenta59@ondricka.com,=?e(56cc+.kQlB+HMxV!
a92779a7-6530-33c1-9106-d94720d4d869,Dr.,Emma,Kunde,"83/32 Prohaska Passage","Stark Mission",Pagadian,"South Dakota",Peru,813-773-022,553-650-532,"Lang LLC",parisian.com,"Director Of Social Media Marketing",gray,2023-10-17,phyllis.littel@yahoo.com,]T3mHqKT'jP+Im|
eb865568-dcac-3c2d-a52e-19e8997d6e8d,Ms.,Dorcas,Herman,"97 Wisozk Knolls Suite 105","Predovic Glen",Bislig,Pennsylvania,Myanmar,353-708-103,082-618-708,"Sipes and Sons",romaguera.biz,"Home Health Aide",silver,1994-05-03,sprohaska@cormier.org,4440(z(+hM>FjRG+589%
ce03d365-594c-33e3-8d8f-a21985f8fe82,Dr.,Nikolas,Reichert,"11 Hansen Forge","Harris Stream",Maasin,Maryland,"Svalbard & Jan Mayen Islands",016-006-516,274-816-733,"Cormier, Christiansen and Hauck",marvin.net,"Cardiovascular Technologist",white,1980-02-26,kyla44@rodriguez.com,waq_cOH-kcl1N6;O
a4fc3926-49fa-3a5f-be9f-332ac849264b,Miss,Jazmin,Raynor,"29A/54 Wehner Corners Apt. 675","Walker Lakes",Bogo,Oregon,Luxembourg,087-699-473,668-122-982,Hahn-Glover,hane.com,"Truck Driver",lime,2017-02-02,carolyn42@hotmail.com,"_x'*TgE_$Rr;z""X^4ViB"
074b458c-a08b-3efd-a6ed-aa16e880672a,Miss,June,Turcotte,"98A/74 Douglas Pine","Skiles Crescent",Baguio,Nebraska,Bahamas,570-791-801,241-975-082,"Mayert Group",balistreri.biz,"Real Estate Broker",maroon,2003-04-25,mozelle10@hotmail.com,"^O3'(5yx""8"
eac30b12-3c13-33eb-8f03-96d5fbb4b1c4,Mr.,Ephraim,Fay,"64 Rosenbaum Hill Suite 246","Pollich Ford","Batangas City","District of Columbia","Czech Republic",335-678-667,895-878-850,"Sporer Group",franecki.org,Pipefitter,aqua,1994-04-28,angus.borer@hotmail.com,^_pf'vIZ4K@S5
58136521-4ed2-35e4-a780-8439472c1730,Miss,Annamarie,Gleichner,"53A/09 Nicolas Expressway","King Prairie",Cabanatuan,Iowa,Burundi,782-817-172,678-914-910,"Rau, Spinka and Welch",adams.com,"Door To Door Sales",white,2006-05-26,alexander75@hudson.com,a?rNlxzgW$q~A+u$+Jq'
5f1137cb-5040-3d76-ae29-d73030d7c2be,Prof.,Veda,Schultz,"51 Doyle Circle","Wunsch Hill",Tayabas,Delaware,Luxembourg,694-111-026,734-254-840,Labadie-Bernier,hahn.com,Psychologist,lime,2018-05-02,ferry.hilbert@weimann.com,(6+Hhx
e628783c-a5d5-3162-9c5d-5537ae464cb2,Dr.,Laisha,Langworth,"94A/22 Reilly Rapid Suite 754","Bergnaum Ville",Cadiz,"South Carolina",Lesotho,341-376-797,104-829-650,"Moen and Sons",gusikowski.org,"Floor Finisher",yellow,1979-06-26,xwolff@gmail.com,)6]{Bb7Yb
70838e66-aafe-3eac-9424-76acdb6a74f5,Dr.,Sydnie,O'Reilly,"12/76 Macejkovic Views Suite 605","Hayes Circles",Lipa,"New York",Andorra,090-881-620,253-991-233,"Durgan, McLaughlin and Ebert",gaylord.info,"Gas Compressor Operator",black,1997-02-24,ushields@gmail.com,%d;Bu?eG1p#7*~*M
69315745-f1c0-300d-9068-e421fc687abc,Mrs.,Deanna,Haley,"18A/37 Kemmer Mountains","Hill Well",Bacolod,Mississippi,Switzerland,963-464-698,360-477-769,Sawayn-Rowe,nader.com,Actor,blue,2001-04-02,vinnie23@yahoo.com,<@)&(.FJ/n+;P
6ef7e788-ad83-32bd-a98f-cd2a650f8a43,Mr.,Roberta,Legros,"37 Collier Shores Suite 972","Rath Mountain",Tagbilaran,"Rhode Island",Congo,067-278-978,569-452-920,"Jones, Considine and Hirthe",marks.com,Healthcare,silver,2004-02-26,michele.kutch@bergstrom.com,"IVYLX9q-\cS,N+Dn;)hD"
dbb76edb-613a-3c85-9496-9ba7298fa33e,Ms.,Adolfo,Kessler,"28A/39 Stracke Mount","McGlynn Cove",Tabaco,Mississippi,"Czech Republic",896-786-284,521-770-566,Marvin-Hilpert,littel.net,"Molding and Casting Worker",black,1970-12-21,chyna.schaefer@gmail.com,"C=%""e&V-yPrs?J)'K"
04802a6a-4770-3320-b27a-2361c7d7b4d1,Mr.,Sanford,Keebler,"66A Koch Isle","Tremblay Club",Valencia,Idaho,Nepal,028-113-622,210-149-617,Bruen-Considine,littel.info,Archeologist,maroon,1976-01-01,erik.stehr@macejkovic.com,>v)a[$n@1f7U8$l
5a30a534-58bd-3a4b-803d-bcfc73dab2f0,Dr.,Liliane,Nicolas,"42 Wehner Common","Franecki Terrace",Legazpi,Arizona,Norway,722-771-718,963-809-482,"Rau, Schroeder and Jenkins",anderson.com,"Homeland Security",olive,2005-03-07,schamplin@jenkins.com,=AcAAE[+FS
3a61b50c-f873-3c80-bc8e-a413789e2913,Mr.,Ibrahim,Corwin,"96A Carter Mission Apt. 673","Cartwright Lights",Tangub,Colorado,"Bosnia and Herzegovina",023-291-709,279-446-424,Greenholt-Koss,collier.com,"Web Developer",white,1986-11-05,towne.cordell@hotmail.com,hj!v~UkYed#*w4:^
8337e7b1-88d7-301f-a9db-1ec9ac4c2623,Mr.,Jillian,Kihn,"41A Boyer Islands Suite 950","Bauch Estate","Tarlac City",Wisconsin,Nepal,273-921-064,007-890-909,Hayes-Hansen,lind.net,"Electrical and Electronics Drafter",blue,2008-08-04,cupton@yahoo.com,N_H]M;auFaL
899df410-a253-35ad-a808-0ebedfcaf3f8,Dr.,Alize,Lueilwitz,"14A Ratke Burg Apt. 675","O'Reilly Greens",Koronadal,Hawaii,Palau,005-433-954,150-748-942,Kemmer-Gleason,hickle.org,"Fashion Model",purple,1979-03-20,randal.kirlin@hotmail.com,iU'T^yh0B!$T0
7ab23cee-223e-35f6-8415-78ee3771bd60,Dr.,Lemuel,Hill,"47A Schmitt Rapid","Stoltenberg Plain",Valenzuela,Maryland,"United Kingdom",241-132-052,812-372-238,"Lehner Ltd",buckridge.com,"Telecommunications Line Installer",fuchsia,1984-03-31,angelica.schultz@braun.biz,1a+O|6
2094a633-9421-30fd-bcd9-587af5b77e10,Ms.,Zelma,Orn,"45A/06 Gusikowski Lodge Apt. 473","Stamm Field",Calapan,Hawaii,Andorra,173-811-607,464-011-722,Spencer-Hettinger,stracke.net,"Space Sciences Teacher",olive,1991-09-12,kjohns@ritchie.com,;-k99iUW|&!vn?kR&ril
a29546ff-b4c0-39fe-a5a0-7e0a10d7d005,Miss,Keith,Bartell,"25A/30 Boyle Meadows Apt. 651","Lebsack Shore","San Carlos",Texas,"New Caledonia",950-557-500,599-666-947,Hettinger-Weimann,steuber.com,"Nuclear Engineer",green,2011-05-27,jessie11@gmail.com,}[eIJ6E#
bf7e51b5-e29a-3d24-98fd-495fdbc80fa4,Dr.,Sister,Ebert,"55/68 Runolfsdottir Squares","Veum Rue",Maasin,Kansas,Aruba,851-661-051,079-275-925,"Deckow, Bauch and Willms",thiel.com,"Textile Cutting Machine Operator",fuchsia,2024-09-11,grant.franecki@lubowitz.com,"LCU{__4]N,-e?v:|"
d0d05311-d183-3de4-8dfb-2daa3fcd388e,Dr.,Mariano,Dibbert,"52/87 Nicolas View Apt. 494","Aufderhar Forges",Silay,Kentucky,"Equatorial Guinea",008-341-562,524-608-279,"Collier LLC",conroy.com,"Photoengraving Machine Operator",silver,1982-12-18,carter.cicero@willms.com,XJFmzh{~+ds$a
3c075be2-5413-33e6-b099-d291d9765974,Mrs.,Eloy,Kuphal,"78 Zulauf Crescent","Anderson Stravenue","Davao City","New Jersey",Armenia,371-162-287,720-843-377,"Kirlin and Sons",wiza.info,"Earth Driller",blue,2002-11-28,thaddeus.mckenzie@grant.com,pHNd-.^o
cd879637-413d-329f-9517-426e8b703bb4,Mrs.,Aiden,Hermiston,"48A/75 Deckow Hollow","Conn Isle","El Salvador",Hawaii,Djibouti,498-509-784,849-021-775,Mayer-Kassulke,mann.com,"School Bus Driver",purple,2021-02-09,kristofer25@collier.com,"`pBmp)KR,2eXnC!"
503da553-5734-3c44-b0ff-4d7b0d261bc7,Dr.,Jedidiah,Beatty,"11/71 Hoppe Square","Grimes Fords",Mandaluyong,Florida,"British Virgin Islands",869-890-052,308-062-063,"Grimes, Marvin and Wilderman",lockman.net,"Biological Science Teacher",lime,2003-09-21,ifunk@crist.com,"Wzzaz;bM:q4Oq..@,"
0e789a67-3843-37b4-a9ec-c2534c7f8d5d,Dr.,Jody,Waelchi,"91 Schumm Alley Apt. 336","Hauck Camp",Panabo,Connecticut,Mauritania,119-927-857,841-654-224,"Grimes Inc",bednar.com,City,aqua,2013-05-26,nreichel@barrows.com,:V:{0`}
b84297ae-8168-3fb7-ae03-d2283ee6bd7d,Mr.,Julien,Kerluke,"32/27 Olson Squares","Rutherford Harbors",Bayugan,Iowa,"Pitcairn Islands",352-949-097,209-964-094,Huels-Klein,beier.com,"Rail Car Repairer",fuchsia,1976-10-14,jacobi.effie@gmail.com,"}@EB'V;j|>v,b1V@q"
aade6897-f64f-39f6-902f-31cd545cce21,Prof.,Marisol,Simonis,"80/24 Shanahan Forest","Hane Port","General Santos","New Hampshire",Mozambique,420-241-479,931-256-301,"Welch PLC",dach.com,"Program Director",white,1994-06-01,eschaefer@schmeler.biz,Nsi`B{j]Ne.H
8f7bbb66-3435-344a-901d-86c1572bb2b8,Miss,Kathryne,Beahan,"56/92 Hoppe Loaf Apt. 104","Heaney Fort",Danao,"New Hampshire","Papua New Guinea",001-852-697,233-038-338,"Kertzmann, Wolff and Schiller",armstrong.biz,Bookbinder,gray,1995-05-02,yost.frederic@berge.com,w)3[>'RKR)
8b79411d-a4ab-3ee3-b52c-098d84dc9cc1,Mr.,Felipe,Swift,"74 Conn Circles","Ernser Corners",Lucena,Delaware,Burundi,232-579-221,857-990-611,Schmitt-Hintz,corkery.info,"Bartender Helper",gray,2013-07-30,efranecki@hahn.biz,e*mV{CFz
20024ae9-ddec-3f2f-91a3-e6e51c156c44,Prof.,Alex,Batz,"32/34 Dickens Courts","Smith Prairie","Tarlac City",Washington,China,924-702-658,489-714-097,Parisian-Hermiston,klein.com,"Biological Science Teacher",maroon,2006-09-14,nia74@emard.com,s*YUam1&4
b38506ff-0425-3ff8-ab13-c672dee3084e,Prof.,Lenny,Dare,"85A Schinner Key Apt. 034","Effertz Shoals",Himamaylan,Missouri,Sudan,114-321-430,423-430-076,"Rempel, Terry and Volkman",fadel.com,"Team Assembler",yellow,1983-08-03,condricka@sauer.biz,^d_8!77q}SL9g
5d545354-b739-3e39-889d-7ec43cdbc3a0,Prof.,Oren,Hauck,"79 Farrell Heights Apt. 480","Nicolas Canyon","San Fernando",Nebraska,Mauritius,621-030-239,401-466-931,"Harvey, Barrows and Bode",oconnell.biz,Sheriff,blue,1971-06-14,litzy.schinner@yahoo.com,re1X/Q<D^X[&a}^'G:.
7e4ee5fe-a08e-37cc-8968-4e4ee4b52083,Mr.,Henderson,Feest,"56A Hermiston Freeway","Jerde Heights","San Jose",Michigan,Malta,122-183-714,759-178-327,"Stehr, Beier and Gusikowski",botsford.net,"Ophthalmic Laboratory Technician",silver,1984-04-14,anissa.wisoky@hotmail.com,n#SuBM
9bc23b73-e38f-3e7b-abea-03e3d85c99b4,Ms.,Una,Stark,"95A O'Reilly Expressway","Grady Passage","Trece Martires",Ohio,Uzbekistan,298-517-002,266-534-674,"Kertzmann, Von and Simonis",spencer.com,"Civil Engineer",fuchsia,1974-03-17,diego.oberbrunner@gmail.com,Q>+XJ8U!X
0cf4a8dc-775d-3b1a-b40b-7d942c1a77d2,Ms.,Marcia,McClure,"96/12 Kihn Square Apt. 465","Koss Mission","Puerto Princesa",Kentucky,Burundi,221-025-537,916-646-072,Cormier-Weber,ryan.com,"Fiberglass Laminator and Fabricator",green,2007-02-18,joyce.fahey@heathcote.com,vc(af4z
5b5c2dd5-67de-3fc4-8412-b5f454a1221d,Dr.,Woodrow,O'Reilly,"06A Gaylord Keys Suite 070","Goodwin Summit","Batangas City",Oregon,Georgia,990-371-480,114-649-961,"Beatty, Powlowski and Schultz",upton.net,"Market Research Analyst",yellow,2015-08-11,gmuller@wisozk.net,"RZz.A1_{p=""fnuXOwU"
0d488715-371d-3fb9-8069-62e0f9ec68c9,Mrs.,Alexandrine,Maggio,"30 Nicolas Falls Apt. 518","Ernser Passage",Cabanatuan,Kentucky,Venezuela,276-538-044,768-190-421,"Little and Sons",tremblay.com,"Tractor-Trailer Truck Driver",black,1972-02-15,gtreutel@gmail.com,O=>U.'rrc
97d9ef8e-a4a5-3bc7-bff2-abb213abdc40,Ms.,Delmer,Schulist,"32A Hane Trafficway Suite 992","Flatley Key",Tacurong,"North Dakota","El Salvador",658-306-392,287-249-440,"Dicki, Gerlach and Fadel",batz.com,"Rail Transportation Worker",purple,1997-02-13,dangelo40@hotmail.com,F>'D0!tOVjoS0E
9669721a-3ffc-31ba-a032-8b30c0c1ce4f,Prof.,Vallie,Gusikowski,"03A/35 Goyette Field","Parker Glens","San Jose",Idaho,Montserrat,531-624-068,699-560-058,"Howell, Miller and Roberts",weimann.net,"Sheet Metal Worker",white,1970-12-28,dlind@hotmail.com,[yk[69V6w]et6`}*
4a69dbbd-8c11-3934-88d1-592da1c3544c,Prof.,Avis,Zulauf,"64/66 Hilpert Pass","Hayes Row",Laoag,Connecticut,Kuwait,812-302-080,721-999-067,"Cronin, Ziemann and Hyatt",witting.com,"Head Nurse",blue,1993-11-23,jmertz@yahoo.com,y:F4cI_>H$UM?ePtW
d1bec586-3c7b-307d-8447-65d61f4b91ce,Dr.,Alexis,DuBuque,"33 Halvorson Place Suite 629","Ullrich Union",Tagaytay,Virginia,Kenya,828-913-238,783-497-124,"Funk, Mosciski and Abernathy",connelly.com,"Electrical Parts Reconditioner",gray,1973-12-03,eliane.welch@crooks.net,"|Mtoz_\`qAp=P4"
b7bdd323-823d-3ed2-9aac-df4e448b8d53,Mrs.,Tito,Nolan,"31A Gutkowski Loaf","Mosciski Pines",Vigan,Hawaii,Namibia,195-740-476,058-613-088,"O'Conner Group",nader.com,"Music Director",fuchsia,2006-01-18,dmuller@gmail.com,V=_ys/`5{
0c998e52-80b2-32f9-aaa4-2519902e8712,Miss,Kirsten,Lockman,"78 Watsica Tunnel","Ritchie Motorway",Tuguegarao,Michigan,"Heard Island and McDonald Islands",318-877-409,811-750-007,Schinner-McCullough,marks.com,"Farm Labor Contractor",purple,1984-10-23,jchamplin@yahoo.com,ID5K'o3=k_#}Jq
0528d35c-9c23-37b0-a1fa-ebebe480944b,Dr.,Leonel,Parisian,"66A Kunde Harbors","Tromp Meadows",Tabaco,"South Dakota",Georgia,482-214-283,053-526-025,Heller-Breitenberg,damore.net,"Mixing and Blending Machine Operator",teal,2000-04-14,trowe@crona.org,/S>}_Hc(?[z@
a6ab5a2a-4041-3059-af22-425cef6900ba,Prof.,Lisandro,Kutch,"51/14 Moore Terrace","Schamberger Manor",Guihulngan,Illinois,Poland,759-513-503,589-507-126,"Keeling, Schimmel and Okuneva",kunze.biz,"Creative Writer",olive,1996-02-10,cortney27@yahoo.com,Q(i1fD*
01e0d46f-b356-3c37-a05e-8c9275431077,Dr.,Burdette,Blick,"66A Walker Lodge","Schuppe Passage",Antipolo,"New Mexico","Cape Verde",981-527-762,034-845-574,"Hauck, Murphy and Wehner",oreilly.com,Brazer,olive,1979-10-21,volkman.cheyenne@yahoo.com,IauTn#TX6eGB+k:L#e?M
66b27b54-f069-3af4-af78-4553e86563b8,Dr.,Jade,McClure,"66/23 Dare Summit","Leffler Roads",Victorias,Massachusetts,"Saint Lucia",345-655-549,299-871-273,"Purdy, Padberg and Rohan",schulist.com,"Sales Manager",black,2003-10-22,frederic43@hotmail.com,6mz!2'0?aPnYun'TWa
d1fd5078-ba4a-3553-bb1b-eec18cda2a4c,Dr.,Paula,Baumbach,"67A/33 Yost Mill Suite 118","Friesen Village",Batac,Virginia,Liechtenstein,075-260-045,380-352-771,"Blanda, Barrows and Kautzer",price.net,"Child Care",white,2016-09-02,jake63@yahoo.com,#/tQJ=bc
3e11a630-ba7b-39a1-bfe3-df51fa661ebc,Dr.,Keenan,Mayert,"50A/57 Bernhard Burg","Leannon Corners",Tanauan,Hawaii,Lesotho,811-157-209,457-050-305,"Kiehn LLC",konopelski.net,"Executive Secretary",navy,2015-09-17,douglas.jessika@lesch.info,<=*Z*P|:+>ZP5Ow+10C
61d05268-f260-34a9-8acf-24d351f37502,Dr.,Duncan,Wintheiser,"06A Hauck Mount","Crona Brook","San Jose",Vermont,Brazil,232-608-627,643-300-814,"Harber, Schmitt and Leffler",bednar.com,"Nuclear Equipment Operation Technician",white,2013-04-05,grady.raynor@hintz.com,"VDlxA|R5-bl<.""4q$"
f2841994-8c38-3c2c-ad87-7fb39362fbe5,Prof.,Fae,Mertz,"71/90 Hansen Square","Keebler Forge",Lucena,Oklahoma,"Northern Mariana Islands",466-366-310,376-381-682,"Cummerata, Jerde and Herzog",miller.com,"Emergency Management Specialist",yellow,1986-03-06,mmiller@yahoo.com,"xI!X=,\bUBB<#A;uY"
62543caa-89ee-37f9-8cda-82d7fb01410b,Dr.,Estefania,Ondricka,"37/45 Hilpert Fields","Schoen Skyway",Roxas,"North Dakota",Guadeloupe,751-525-520,327-194-946,Bruen-Mosciski,sporer.com,Roustabouts,gray,1971-11-22,virgil67@konopelski.com,gbNJgQ+1BEC(Q#C
a4e56f32-3339-374f-98bc-7d3d84b64816,Prof.,Natasha,Koepp,"10A Casper Ports Suite 008","Dicki Isle","San Fernando",Ohio,"Pitcairn Islands",299-514-311,385-712-072,"Schaefer Ltd",kulas.net,"Environmental Science Technician",maroon,1990-10-09,shaniya.zboncak@yahoo.com,>o8^^8f
0e9ed79f-782e-3248-90e1-dbc933405e2c,Dr.,Chloe,Hoeger,"58A Yundt Dale Apt. 800","Mitchell Stravenue",Panabo,Connecticut,Tajikistan,913-801-084,984-017-285,Keeling-Ankunding,bernhard.info,"Product Safety Engineer",olive,2019-12-03,dario.graham@hahn.info,RRi5Pkpjy($CvH*Kn
890659bc-3565-36ba-a9bd-cbcf2b7dfd7d,Prof.,Jeramie,Kuhic,"95/24 Hills Circles","Wolf Corners","San Carlos",Oregon,"Saint Barthelemy",974-372-254,416-410-128,Cummerata-Hill,kshlerin.com,"Underground Mining",lime,2014-11-09,runolfsson.geoffrey@hotmail.com,/LgJ=IY0gsut'^sPi
3b1cdfe8-656d-3410-b59d-475ae1ffc27d,Mr.,Mara,Ernser,"47A Kemmer Brook","Blanda Ridge","Cavite City",Indiana,"Sao Tome and Principe",676-275-733,795-559-716,"Quitzon, Brown and Russel",walsh.com,"Welding Machine Setter",silver,1990-12-06,melany41@jerde.com,;S(2fX(j0N9QUx&)
f81e5d56-63e0-38a3-b79e-f857d22cc801,Dr.,Bridie,Kassulke,"98A/15 Littel Lodge","Toy Station","San Juan",Illinois,Suriname,909-134-080,977-089-025,"Raynor Inc",monahan.biz,Historian,yellow,1984-03-05,bennett44@gmail.com,X}%eLSLhtiOw
73d810f8-444d-3972-b825-16bcb9dcddb6,Dr.,Verner,Morar,"27A/73 Runolfsson River Apt. 410","Corwin Brooks",Tacloban,Louisiana,Korea,273-613-445,876-993-561,"Franecki Ltd",simonis.com,"Tax Preparer",yellow,2003-01-31,xhudson@conn.com,"jT?*\o"
cc7e8e98-06a4-387e-b20c-5624f985ac1e,Dr.,Vesta,Metz,"18A/82 Schmitt Garden Apt. 712","Reilly Forks",Roxas,Nebraska,Chile,882-128-481,041-338-285,"Carter, Greenholt and Robel",frami.com,"Animal Husbandry Worker",maroon,2002-01-17,enoch54@corkery.com,"Ry!p\nHXv;1s|4"
29e189f0-c0de-32c1-b150-6d9494de8269,Dr.,Abbie,Schumm,"09A/25 Goodwin Manors Suite 031","Marquardt Canyon",Tabuk,Alaska,Guinea-Bissau,489-832-150,203-577-487,"O'Reilly, Lesch and Mohr",hilpert.com,"Textile Machine Operator",silver,1999-05-09,fschiller@hotmail.com,}g5w%H^
6b79379e-0cf4-3448-b463-416126387896,Dr.,Carter,Kunze,"98/25 Lehner Common","Lehner Station","San Juan","South Dakota","Bosnia and Herzegovina",940-422-785,797-246-104,Abbott-Romaguera,waters.org,Editor,blue,1978-03-08,turcotte.asha@yahoo.com,vLaYz14v;Luq~kT55Qg
0ab3bdc1-7fb8-3b77-b277-61faa51d01b4,Dr.,Adrien,Watsica,"10/29 Abernathy Pike","Tillman Mall","San Carlos",Arizona,Anguilla,924-866-655,071-187-193,"O'Keefe Inc",cummings.net,"Conveyor Operator",gray,1974-11-09,lilyan.labadie@gmail.com,W0ApDT!:r2
003d1d7a-cd67-373e-a5c3-2b60a845a02b,Ms.,Luella,Prosacco,"75/80 Rice Brook","Hyatt Knoll",Mabalacat,Maine,"Brunei Darussalam",798-104-080,963-849-980,"Schultz PLC",pfannerstill.net,"Agricultural Manager",teal,2019-08-15,miguel.watsica@gmail.com,;?pWwttsBkfUw..
aafd9ce2-89b2-39e1-907b-99c59d6ec563,Mrs.,Joel,Powlowski,"14 Schmidt Track Apt. 544","Gibson Field",Muntinlupa,"New Mexico",Algeria,886-513-106,379-485-791,"Volkman, Collier and Tremblay",thompson.info,Cartographer,yellow,1974-04-11,melba.hilpert@stiedemann.com,&+}L=DT(|:-*jgKf2
48661402-baeb-3166-83f9-3e97b3ca9239,Prof.,Orlo,Hyatt,"74/12 Becker Pines Suite 415","Zboncak Vista",Mabalacat,Indiana,Micronesia,135-305-124,799-691-598,"Windler Inc",schiller.com,Platemaker,green,1984-11-27,harber.nicklaus@cronin.biz,;D>hKBsU9d&Tbhm
15983f82-eedc-3134-a627-4023bbf4776c,Mr.,Murphy,Wolf,"51 Streich Club Suite 522","Torphy Stravenue","Sorsogon City","South Dakota",Oman,945-455-909,562-865-878,"Russel, Beahan and McClure",wuckert.com,"Meat Packer",yellow,2000-03-15,dianna.runolfsdottir@yahoo.com,W*qkSASK2
93081a57-7e50-367c-b6e8-babf73b8e037,Ms.,Dolly,Trantow,"45 Wilderman Inlet Apt. 884","Anderson Dale",Alaminos,Oklahoma,Zambia,189-583-441,209-605-842,Skiles-Marks,pouros.com,"Farm and Home Management Advisor",fuchsia,2015-07-07,elda91@will.com,!t=$E~W?_h
27344304-4790-3118-961f-cdf7ad721988,Mrs.,Marcelle,Armstrong,"54A/13 Wiza Islands","Adams Extensions",Maasin,Nevada,Guinea,602-620-443,830-882-008,Shields-Goodwin,jaskolski.com,"Farm Labor Contractor",silver,2012-06-24,glenda.reichert@gmail.com,"1ha}d,.fu#_pu"
f43b3dc9-64e3-3444-9c85-514c4c329328,Miss,Dayne,Flatley,"51 Lindgren Loop Suite 051","Gulgowski Lodge",Malolos,"New Mexico",Congo,338-305-756,157-457-610,"Hagenes, Boyer and Paucek",rosenbaum.org,"Funeral Attendant",lime,1993-04-13,purdy.laurianne@reynolds.biz,slW`]l1
ace2d9bb-d81a-3b52-a815-e73ebbc844b0,Dr.,Caesar,Wunsch,"81A Franecki Path Suite 437","Renner Squares",Alaminos,Alaska,"Sao Tome and Principe",843-764-937,434-229-950,Jenkins-Hauck,gleichner.org,"Well and Core Drill Operator",fuchsia,1973-10-06,alaina44@hotmail.com,W.;?QHizl<_7)LR
f178f1f8-b151-3ae8-94a3-811dc31026f3,Mrs.,Pasquale,Berge,"92A/25 Glover Summit Suite 019","Parisian Shores",Naga,Utah,Uganda,526-378-226,294-211-232,Watsica-Osinski,gerhold.com,Choreographer,white,2013-05-07,colin41@gmail.com,"u""RUK4U<{QGt"
157476f2-8f6b-3c74-a34c-b6641a4f1807,Mr.,Davon,Conn,"70A Williamson Divide","Jakubowski Summit",Toledo,Kansas,Gibraltar,249-943-657,908-304-444,"Wilderman and Sons",doyle.info,Orthodontist,gray,2018-10-05,verda14@yahoo.com,SKB.[^
9eac910a-3629-3455-922d-1d6ea9ce0f70,Dr.,Coty,Zieme,"34A/14 Morar Plains Suite 127","Bernhard Drives",Olongapo,Oklahoma,Myanmar,083-687-185,484-542-209,"O'Conner LLC",ebert.org,"Rock Splitter",teal,2023-05-29,ymraz@runolfsson.info,2Z&j>Qknhpo=^ABj
f2b175de-462e-3ce6-84d1-cd6059e27940,Dr.,Braulio,Jakubowski,"67A Emmerich Lakes","Shields Land",Passi,Michigan,Congo,012-312-758,718-390-567,"Sawayn, Crooks and Wuckert",terry.com,"Court Reporter",fuchsia,1994-07-03,percy.rodriguez@yahoo.com,p|?^LVPB
5bd7e8af-15c1-383c-8275-b74253d3f921,Prof.,Ressie,Kozey,"10/44 Conroy Point","Schinner Skyway",Cabanatuan,Massachusetts,Afghanistan,848-115-633,210-544-566,"Kuhic Group",mante.biz,"Railroad Yard Worker",lime,2000-06-02,tyson.jaskolski@yahoo.com,#^64J3(5z
d51e253f-037f-3d5e-869a-1906e8828a34,Mrs.,Brandi,Daugherty,"77 Metz Grove","Lakin Track",Tabaco,"Rhode Island",Ireland,671-201-542,464-354-423,Kertzmann-Kunze,kutch.biz,Anesthesiologist,navy,2005-03-29,bbeier@yahoo.com,"R_W""BviQR.g_a%b&"
06827d69-8f3b-3227-a50b-e8501a44fda9,Mr.,Daphnee,Mills,"30A Ward Expressway","Pollich Haven",Victorias,Colorado,Vietnam,702-466-349,504-288-961,Terry-Hermiston,lynch.com,"Oral Surgeon",gray,2004-02-03,boyle.enrique@hotmail.com,O9z|(H&*|IuxOb5=P
759cfa44-3c71-30ff-915e-623a152236dc,Prof.,Harrison,Rowe,"86A Hirthe Corner","Reichel Villages","Cavite City","New Mexico",Bangladesh,400-960-315,814-576-189,Purdy-Fay,cartwright.com,"MARCOM Manager",green,1994-04-25,bolson@rice.biz,"9`yv""guN}ecZ@&5Ly"
31b3e1e8-bc24-3572-9130-d14bbc9bfca5,Miss,Chanelle,Christiansen,"09A Gislason Unions","Hauck Ports",Roxas,Idaho,"Norfolk Island",449-764-661,117-688-890,Huels-Monahan,oconnell.com,"Civil Engineer",fuchsia,1994-11-30,anahi98@becker.com,"ejEx.,7Mo^O`4K"
c972fc7e-445a-3ea9-bcc3-666c6d4ec792,Mr.,Elton,Auer,"15A Wiegand Walk","Klein Turnpike",Himamaylan,Nevada,"Hong Kong",902-299-500,571-375-068,Schaefer-Stamm,koss.biz,"Motorboat Mechanic",purple,2002-11-16,kasandra.nader@casper.com,3:LQ0~_
14800dd0-9aff-3b7c-b946-1221004230c9,Ms.,Syble,Murray,"49A/88 Metz Ports","Emmerich Mews","Santa Rosa",Colorado,Mayotte,981-271-006,273-096-077,"Turner, Erdman and Wolf",douglas.info,"Agricultural Product Grader Sorter",aqua,1979-09-08,tyson.lubowitz@yahoo.com,yxS5kk0
401cf13b-88c6-3bc8-9f44-718781b4a154,Mrs.,Mariah,Kutch,"82 Friesen Flat Apt. 418","Schinner Circle",Bais,Kentucky,Mauritania,019-519-268,787-701-964,"Medhurst PLC",stehr.com,"Financial Manager",yellow,2018-02-24,gfeest@cronin.com,"IUBhp.Jzm|(,#*"
0bc7d96f-add7-32bb-9af3-3084903a1475,Prof.,Stacy,Leuschke,"67/45 DuBuque Rapids Suite 650","Barrows Curve",Palayan,"New York",Aruba,752-081-663,095-307-611,"Haley LLC",kautzer.org,"Sys Admin",green,2014-11-28,reichert.adan@pouros.com,OBT#.KcHoF4j
37d3f1f0-05c9-382d-80c9-1c3eaa1bc4ef,Dr.,Merle,Ankunding,"88/19 Schaefer Cape","Little Pines",Ilagan,Montana,Bulgaria,016-541-952,251-061-414,Metz-Crona,fay.com,"Loan Counselor",navy,2000-11-22,alvis.dubuque@gmail.com,f:t/q<
efaee1ac-fc00-3d9e-b9d0-855a6b62abdf,Dr.,Edward,Barrows,"77 Heaney Villages","Schaefer Curve",Silay,Georgia,Korea,544-770-413,324-261-581,Abshire-Balistreri,ernser.info,"Video Editor",teal,2017-05-01,rterry@ratke.com,I$n$_K]eTx2EG|5gNdWw
b0099bfb-c7c8-3e8d-9a9a-c6c691da31c6,Mr.,Wilbert,Franecki,"36/48 Morar Course Suite 747","Weimann Hollow",Cadiz,"Rhode Island",Guatemala,233-531-338,037-897-862,"Casper, Crooks and Kulas",gutkowski.com,"Aircraft Assembler",yellow,2020-07-19,skiles.una@upton.com,"C5pb""a|5"
bf0a2c80-bf51-3ba5-a5e1-9a3929739c23,Mr.,Rae,Rippin,"79 Schuster Gardens Apt. 502","Jast Orchard",Marawi,Idaho,"French Southern Territories",972-250-300,054-392-928,"Carroll LLC",nicolas.com,"Refinery Operator",olive,2013-04-03,gislason.trenton@nicolas.com,^p933G^q?8d;XE!7.
5fd3f37f-c778-3fc5-b305-ccc94d7db1c3,Prof.,Winnifred,Sporer,"92/10 Welch Club","Schiller Plain",Digos,"North Carolina",Benin,703-933-630,783-088-102,"Denesik and Sons",parker.com,"Recreational Therapist",navy,1976-08-05,aufderhar.alanna@hotmail.com,bqpk'3
db0e8149-0b1b-3870-bdfa-dd0f7a9d3368,Miss,Raoul,Runolfsdottir,"11/53 Feeney Field Suite 380","Hauck Garden",Angeles,Tennessee,Moldova,186-736-148,656-459-632,"Stiedemann Ltd",klocko.com,"Fence Erector",silver,1984-08-21,pearlie.dach@cronin.com,kMRW3O#kD.1A|LO>r
2ecece7d-e9ad-3d60-88ba-4298709f6c1c,Prof.,Susanna,Bergnaum,"73A/26 Roob Mission","Collier Crossroad","San Jose del Monte",Mississippi,Korea,269-255-420,862-716-223,"Yundt, Schaden and Ritchie",harvey.com,"Veterinary Technician",navy,1984-06-07,hmarks@pacocha.com,:9eqwnD!8Vx?J1e
97239500-14e8-32aa-98c8-9df3a5756734,Ms.,Faye,Kreiger,"20 Grimes Prairie Suite 696","Gorczany Summit","Cagayan de Oro",Wisconsin,Ethiopia,653-445-559,117-254-936,Kemmer-Schmeler,parisian.net,Interviewer,blue,1996-02-18,juliet86@yahoo.com,lX:JB{=tx88DF
6302684e-c2d1-3c1e-aeff-f9f823083960,Mrs.,Edmond,Langworth,"51 Morissette Haven","Cummerata Mission","Zamboanga City",Alabama,"Faroe Islands",625-795-793,389-771-846,"Hilpert, Gottlieb and Schmeler",turner.com,Cartoonist,white,1998-05-12,hhettinger@herzog.org,"dwY\@jN"
415f7fa2-fd54-32ae-8cce-6f5ff24e9df0,Mr.,Roger,Labadie,"34 Jacobson Trail Suite 712","Bode Keys",Legazpi,Massachusetts,Iran,646-032-484,859-251-912,"Hand LLC",franecki.com,"Machine Tool Operator",silver,1994-05-31,waelchi.halie@hotmail.com,",Z1=QR;&C.U|^Q"
77abb56c-0fb6-36dd-a914-44b6e490f35d,Prof.,Mona,Daniel,"40A Schowalter Vista","Johnston Trace",Marawi,Florida,Lithuania,022-198-126,241-853-467,"McDermott LLC",prosacco.com,"Roof Bolters Mining",yellow,1983-02-04,umueller@yahoo.com,"NA\ic8:W];;m"
a165877a-ed3d-31ee-8f2c-d6bb0e5c5fb5,Mr.,Jack,Lind,"54/71 Greenholt Trafficway","Hilpert Union",Makati,Vermont,Armenia,448-791-736,787-847-557,"Davis, Treutel and Quigley",kovacek.com,"Retail Sales person",olive,1978-02-25,satterfield.fiona@prohaska.com,Dj8[jFsEz?9B~
f02b4296-5243-3e52-b378-98403bbc4450,Dr.,Jude,Wolff,"94/24 Wiza Square","Wunsch Prairie",Passi,Maine,China,737-601-217,528-504-035,Mertz-O'Reilly,pollich.com,"Industrial Engineering Technician",green,1991-07-23,nkuhlman@hotmail.com,mx(Y8:WQ
b91af4de-b9c9-3472-ae8d-5d050dfe03a6,Mrs.,Winfield,Willms,"12A/07 Pfeffer Court Apt. 242","Batz Shore","San Jose",Maryland,Liberia,292-520-522,839-036-593,"Mitchell, Kunde and O'Kon",watsica.com,Pharmacist,fuchsia,2015-04-01,yundt.nina@yahoo.com,=fhtO'SVk<:n?x)^Ew
42856e22-a499-39eb-8569-776b78c1845f,Dr.,Gerry,Klein,"22A Stokes Station Apt. 637","Mills Grove",Mu単oz,Massachusetts,Mali,961-490-975,655-562-662,Bernier-Schuster,nienow.com,"Construction Equipment Operator",blue,2013-11-25,araceli.gulgowski@block.com,;-y0p-Z
3b3ea1fc-9aa8-3792-b78e-b30f22f2ccff,Prof.,Ivy,McGlynn,"70A/76 Bernhard Field","Abernathy Squares","San Fernando",Delaware,Azerbaijan,469-711-950,577-195-404,"Mante, McDermott and Bosco",turner.net,"Custom Tailor",maroon,2006-05-05,makenna.reynolds@yahoo.com,"JR""-g$:iL"
79a371c6-88ff-3b27-ae07-39140a72c9de,Dr.,Kip,Bins,"68A Koch Common Apt. 325","Lockman Camp",Antipolo,"North Carolina","San Marino",390-873-832,325-432-669,Schuster-Hackett,spinka.com,"Metal-Refining Furnace Operator",fuchsia,2012-06-21,wlang@gmail.com,e855I%MzGVo{@7s[+A
aa6ff4ec-2aca-3508-afb0-b8fc93c5ebba,Miss,Berniece,Brakus,"63 Hoeger Walks Suite 262","Towne Skyway",Iriga,Michigan,Oman,246-465-377,570-568-760,"Schmitt Inc",medhurst.com,"Forming Machine Operator",blue,1988-06-16,sydnee.gutkowski@mcglynn.org,M!C$Yw
fea3f546-4933-358e-8ad0-cc5b48b0d2fe,Dr.,Gus,Parker,"14A/43 Wilderman Circles","Buckridge Squares",Malaybalay,"New Jersey","Solomon Islands",663-674-049,094-207-838,"Franecki, Orn and Torp",schumm.com,"Radio Operator",white,1987-08-29,thiel.stewart@kemmer.com,"L]3iud,DBi3a~"
1ec9f8ed-04ad-3a72-a884-6412906d4182,Prof.,Lola,McCullough,"38 Jakubowski Divide","Wehner Harbors","Iloilo City",Montana,Serbia,739-099-464,501-042-207,Sporer-Orn,schaden.org,Choreographer,silver,1976-01-07,rreynolds@gmail.com,e(PwRlVr*Ka1}l{
1d3f451b-c40d-327d-8ae1-5c87d69978d8,Prof.,Demond,Osinski,"56 Ondricka Keys Suite 302","Sporer Lights",Isabela,Colorado,"Dominican Republic",315-938-106,367-363-651,Boyer-Prohaska,walter.com,"Brattice Builder",olive,2008-04-18,willis.friesen@cassin.com,)Aj!7Ur9_Q0*l
ad05f287-a396-3976-b313-db13f491e5e4,Mr.,Carissa,Cruickshank,"63A/40 Weimann Creek","Hilpert Brook","Cotabato City",Florida,Poland,849-695-729,315-890-334,Hickle-Jacobi,jast.com,"Title Abstractor",lime,2007-03-18,gmohr@kertzmann.net,)%>>Vh5G0K<)&.W*~0K4
24534273-6f93-32df-bce9-372c3aa30eb9,Mrs.,Laurence,Becker,"93A Mraz Springs Suite 665","Dicki Meadows","Cagayan de Oro",Indiana,Congo,839-132-260,391-674-675,Nitzsche-Collier,welch.com,"Automatic Teller Machine Servicer",navy,1974-12-08,tyra.crooks@homenick.com,tXi;L0
4214c396-b24a-3843-a228-570f07181843,Mrs.,Thomas,Cremin,"43 Kirlin Lodge Suite 740","Casper Cove",Muntinlupa,Louisiana,Ireland,063-343-584,141-261-993,"Trantow, Franecki and Weimann",dach.org,"Compensation and Benefits Manager",gray,2004-06-22,ojones@gleason.com,":p*N-faji)I@,)]z;l$K"
f924b565-7967-3f22-b573-e411d443720b,Prof.,Lincoln,Halvorson,"60/55 Schaden Run Suite 744","Koch Courts",Ligao,Maryland,Gibraltar,626-699-474,094-416-200,Gorczany-D'Amore,casper.info,"Database Administrator",lime,1972-08-12,kathleen.gorczany@jenkins.info,"\:n)/aYHteCrLy"
f4fdf5e1-2b58-3eb3-b899-267a76aa089a,Mr.,Raphael,Schulist,"62/89 Gleichner Mountains Suite 457","Stehr Harbors","Cotabato City","New York",Senegal,111-191-594,055-902-173,Auer-Tremblay,terry.com,"Keyboard Instrument Repairer and Tuner",gray,2014-03-20,doyle.santino@hotmail.com,cUO=R4eN>TGC=
17780389-a608-3009-bb9d-f3a79ecf7b2e,Mr.,Audreanne,Buckridge,"21 Crooks Via","Keebler Fords",Naga,"District of Columbia",Monaco,139-535-851,741-352-085,"Hintz, Kling and Parker",mueller.info,"Fitness Trainer",black,2020-06-16,schowalter.coty@powlowski.biz,0Z}]w@w])eC
e450faec-1553-30c0-a0b8-86180d6656b4,Dr.,Evan,Kuhn,"16/42 Baumbach Prairie Apt. 072","Sanford Plaza",Tabaco,"New Jersey","Palestinian Territories",838-625-843,644-633-141,Bartoletti-DuBuque,sporer.com,"Order Filler",blue,1980-09-27,schiller.stewart@yahoo.com,"/ILZeu\,(=R"
efa396a3-a991-3179-ad40-316a462b9910,Prof.,Roxanne,Luettgen,"70A/41 Jacobson Orchard","Strosin Fort","Surigao City",Virginia,"Libyan Arab Jamahiriya",848-517-543,199-043-465,"Gislason, Wiza and Koepp",wolf.com,"Packaging Machine Operator",green,2000-07-18,dolores40@yahoo.com,Q_V(Pp>^mFW$N
77287e85-c6e1-38ed-beef-ed9205d25021,Miss,Timmothy,Mayert,"92/65 Deckow Extensions","Treutel Crossing",Guihulngan,"New Mexico",Guernsey,713-970-756,656-504-022,Gerhold-Zieme,wiza.com,"Scanner Operator",blue,1982-01-04,christophe.mills@hotmail.com,"m$,dS'?)CK|sl[A_lk"
7bc96536-d363-3e98-824d-fe9e9c06d752,Mrs.,Tressa,Ondricka,"80 Reinger Springs","D'Amore Ridge",Makati,Oklahoma,Togo,623-699-431,151-485-626,Reynolds-Roob,crooks.com,"Music Director",aqua,2006-04-25,howe.brain@dare.com,;]%8yk{-UGm~[UE0
405d2a0d-abd7-3483-a512-92d6232078c7,Mr.,Raven,Cassin,"86A/49 Feil Key","Willms Trafficway",Muntinlupa,Hawaii,Bermuda,068-435-575,965-439-466,Barrows-Stehr,steuber.com,"Human Resources Specialist",maroon,1981-10-09,izabella74@kuhn.com,ng5jcS{sY
79697030-2dea-3b94-9b1a-94e996b7d284,Dr.,Helmer,Streich,"86 Powlowski Via","Grimes Loop",Batac,Virginia,Aruba,300-184-619,061-732-020,"Kozey Ltd",mohr.com,Singer,lime,1973-07-30,haven.jacobi@ritchie.com,"B=-qO)Q!Unau\^Fa1"
5820bddd-ba9b-3568-b7ab-0c75c3b7fa46,Miss,Tevin,Koch,"15/70 Olson Via","Mosciski Creek",Imus,Hawaii,Morocco,890-907-960,795-814-536,"Kulas PLC",smitham.com,"Legal Support Worker",yellow,1986-06-15,keeling.rhett@stiedemann.com,v72[$BDH%.Q}4
83f2ea20-64ad-341c-8ea7-738521bc6c5b,Dr.,Fidel,Fadel,"37/36 Klein Lock","Dickinson Creek",Cauayan,Minnesota,"Sao Tome and Principe",651-048-089,137-089-056,Hegmann-Hyatt,gusikowski.net,"Agricultural Sciences Teacher",green,1971-04-24,kaelyn23@gmail.com,t!G#x&g8g.h&}3&jZ=
05441b86-fc2e-386c-9671-3fb8856432cd,Dr.,Rollin,Grimes,"97A/07 Gusikowski Shoals","Kassulke Turnpike",Bayawan,Georgia,Aruba,632-884-475,361-690-323,Reilly-Schuster,rippin.com,Teacher,lime,2020-02-23,avis.pfannerstill@yahoo.com,;&0bj=Zw)IN@m
6c3f2876-3cf0-3726-a274-cb05ec3890a4,Dr.,Ike,Harber,"69A/26 Wilkinson Highway","Brakus Squares",Candon,"South Dakota",Gabon,196-136-688,285-172-589,"Hintz LLC",wolf.com,"Metal Pourer and Caster",fuchsia,1986-03-08,aylin54@gmail.com,`xH!%K(x`)vi2ALS$
1c5d00d3-670c-341d-9eb3-a7152a344cc0,Dr.,Dee,Turcotte,"54 Morissette Road Apt. 302","Murazik Port",Naga,Ohio,Peru,762-003-690,607-629-829,"Heidenreich, Rowe and Gorczany",hegmann.com,"Pressure Vessel Inspector",maroon,1993-06-23,ohara.teresa@hamill.com,BKm4{F]U`d%cyFrU-{~
4906b178-2366-3e5f-bacf-d6e70f1a7994,Ms.,Lance,Tillman,"22A/06 Kunze Lodge","Klein View",Bislig,"South Dakota",Cyprus,821-026-787,289-386-380,Hackett-Haag,gorczany.com,"Extruding Machine Operator",blue,1973-07-15,beahan.norbert@waelchi.org,AWGal4E(idmJ
ccf7c451-dbc9-3461-94c2-bbc8fd74ab0f,Miss,Hobart,Lockman,"40A Dooley Fort Apt. 013","Ferry Villages","Cagayan de Oro",Idaho,"Saint Lucia",476-356-692,160-071-343,"Schuppe, Dooley and Shanahan",hoppe.com,"Medical Secretary",purple,1987-07-26,joany63@hotmail.com,$_}7/yl0
7bf9f871-afb1-3ebb-a408-fb606000c86b,Mr.,Pat,Stokes,"65 Keebler Harbors","Swaniawski Road",Panabo,"North Dakota",Bulgaria,481-891-026,289-448-854,Hammes-Crist,schuster.com,"Supervisor Fire Fighting Worker",olive,1974-10-12,walsh.ashlynn@gmail.com,ae8c)_S`b|U
36663606-b90f-3237-93c1-b1136c19d5d7,Dr.,Cesar,Champlin,"53A/25 Nicolas Dale Suite 267","Hackett Ford",Alaminos,Texas,Colombia,550-124-107,482-564-507,Heller-Bernier,smith.com,"Architectural Drafter OR Civil Drafter",yellow,1997-08-06,dangelo.corwin@hotmail.com,2ewvSE$gNf:
a8c2576c-f136-3c47-946f-778a7c2ca702,Miss,Linwood,Kunze,"96/69 Abshire Gardens","Frami Passage",Candon,Kansas,Spain,198-652-207,786-158-828,Schaden-Dietrich,pfeffer.biz,"Explosives Expert",fuchsia,2003-03-06,elizabeth.gutmann@hotmail.com,Z.XZ#F)*OtoY
73b2a786-cee8-3c55-9459-1c321e72909f,Prof.,Maximillia,Stamm,"34A/78 Simonis Manors","Johnston Circles",Marawi,Texas,"British Indian Ocean Territory (Chagos Archipelago)",253-513-464,565-227-094,"Mills LLC",doyle.org,"Heating and Air Conditioning Mechanic",gray,2013-08-22,lubowitz.beulah@hotmail.com,"}1|2tJb*P}+<[sNf,"
f72851fd-59b7-359e-baed-698ace330698,Prof.,Norbert,Ritchie,"12A/16 Donnelly Center","Satterfield Turnpike","El Salvador",California,Nepal,260-308-183,362-594-819,McCullough-Tillman,schmitt.com,"Life Scientists",purple,1983-05-24,tristian.wyman@hotmail.com,)_5$iI
d49ea167-cf95-3e3a-a31b-b769fc5f8ebb,Mr.,Kali,Bode,"54 Krajcik Island Suite 728","Sauer Pines",Danao,Nevada,Andorra,312-239-847,407-727-625,"Lueilwitz, Padberg and Welch",feest.org,"Political Science Teacher",aqua,2003-01-24,padberg.gerhard@yahoo.com,T*1=U}yy
71658167-5500-3eaf-9c10-b2a893c230b7,Ms.,Johnson,DuBuque,"63A/08 Fahey Forge Suite 649","Davis Springs",Iriga,"North Dakota",Bermuda,096-525-531,568-732-342,"Gusikowski Group",okuneva.com,"Soldering Machine Setter",blue,2011-12-14,dennis.zboncak@jacobson.com,"S@-TcVD^lz,D"
1b319f94-72ab-3e8b-b974-05c3c3fd29b2,Prof.,Amina,Gusikowski,"64A/34 Becker Pines Suite 665","Stroman Loop",Malolos,Virginia,"Heard Island and McDonald Islands",184-360-920,384-588-911,Weimann-Smitham,ohara.net,"Environmental Scientist",purple,1993-09-02,eleazar.marks@hotmail.com,"E]rZ)p0xxQ$k""yn"
e92373b0-4038-393c-b8af-830603fb80db,Dr.,Kevin,Wehner,"11 Conn Junctions","Runte Meadow","Cotabato City",Oklahoma,Samoa,375-062-603,534-846-867,"Mills Inc",wiegand.biz,"Visual Designer",olive,2002-03-14,glenda37@koepp.org,{aYz^2e$!mAi$f?v)
ecd86121-1868-309d-b1e8-230f29b6925a,Dr.,Forrest,Hodkiewicz,"60 Cronin Valleys","Zulauf Islands",Isabela,Oklahoma,"Svalbard & Jan Mayen Islands",515-977-380,271-741-693,"Brakus, Ryan and Grimes",ullrich.com,Artist,yellow,2008-04-26,schmeler.maggie@gmail.com,k+??yTR]c$FC
d731527e-82db-3b92-baeb-154854dae81d,Dr.,Grant,Abshire,"97A Balistreri Port","Koepp Freeway",Bais,Hawaii,"Slovakia (Slovak Republic)",601-054-985,754-085-101,"Lakin Inc",nitzsche.com,Sociologist,black,1976-10-13,vanessa25@gmail.com,s;&lg53ho.-OR(
f59a7642-9402-3f0c-85ee-482888088805,Mrs.,Stevie,Hayes,"79A/58 Maggio Station Apt. 959","King Haven",Tagum,Nevada,Timor-Leste,096-469-782,232-156-661,"Larson, Schultz and Stoltenberg",gusikowski.com,"Pest Control Worker",maroon,1974-05-12,ewitting@smitham.com,(>P^Zsb/r74n6-vJiOc}
307e10f2-151c-3165-a0a4-eee3614dc15d,Prof.,Antonetta,Keeling,"55A Homenick Place Apt. 510","Beer Drive",Pagadian,Indiana,Guinea-Bissau,145-728-038,958-180-692,"Hackett and Sons",tromp.com,"Title Searcher",yellow,2021-11-16,juston.williamson@tremblay.com,"SroCU`,KD0q4-9Sn"
618c4412-3fdd-33eb-bd39-9dcd1a4e0d84,Dr.,Adah,Murray,"14 Leuschke Circle Suite 005","Crooks Route",Butuan,Kentucky,"Puerto Rico",195-036-426,139-592-214,Wilderman-Wuckert,jacobs.org,"Fishery Worker",aqua,1973-05-21,hill.dion@gmail.com,r?~NPZ)|UJ
d21487d5-3fc6-345c-8935-0e047ae2824b,Mr.,Cedrick,Moen,"60A Fahey Spur Apt. 363","Murray View",Bago,Virginia,Tunisia,691-637-248,163-145-432,"Langosh, Pagac and Schuppe",price.net,Taper,maroon,1981-10-23,kuhic.marquise@hagenes.com,"/Qd#wX""j~"
fe921553-7183-3a80-92ff-88821ed67054,Dr.,Elva,Kemmer,"63A Veum Avenue","Leuschke Ways","Santa Rosa",Delaware,Guinea-Bissau,324-809-312,888-902-059,"Zemlak LLC",dubuque.com,"Police Detective",olive,2000-06-11,ioberbrunner@hotmail.com,6h2CwJ
20c9065d-584b-3377-afc8-3bd2e014b29e,Dr.,Thelma,Kessler,"22 Gottlieb Lodge","Lynch View",Bacolod,Wyoming,Oman,714-845-861,728-766-805,"Gutmann LLC",bosco.com,"Sales Manager",black,2009-01-20,fausto94@hotmail.com,"4x'5=V3""S2Z@-"
3a52ff22-c50d-365f-954d-b102d2df142e,Dr.,Henry,Funk,"61A/91 Gulgowski Ferry Suite 228","Armstrong Island","San Jose",Arkansas,Hungary,456-374-626,926-394-997,Langworth-Kunze,ortiz.com,Pediatricians,blue,1999-05-05,raven.mccullough@lubowitz.info,')E-@a_$a
f31760e5-dafd-3d03-a791-bf59806ffc15,Prof.,Diego,Kessler,"58/54 Russel Stravenue Suite 913","Donnelly Dale","Cagayan de Oro",Connecticut,Djibouti,877-599-295,951-725-279,"Hackett Ltd",wiza.com,Manager,olive,2006-08-19,bluettgen@smith.com,*p.>n)y>VC
fddf42c7-74d2-3fef-9ccf-06e9a85899e6,Dr.,Armando,Steuber,"32 Nolan Track Suite 577","Kuvalis Vista",Navotas,Indiana,Belarus,475-211-631,685-972-175,"Ondricka, Mayert and Mraz",streich.com,"Wind Instrument Repairer",aqua,2003-08-17,wisozk.charlene@gmail.com,",9!:XrpV.hNwrp8&w"
9c376c02-1408-36e3-9f07-75ed4df2c271,Dr.,Jaylen,Miller,"25A/74 Huels Harbor Suite 068","Wolff Ways",Mu単oz,Vermont,Albania,363-685-185,168-352-449,Ankunding-Rempel,lakin.biz,"Short Order Cook",navy,2011-01-22,verlie70@feil.com,ttD$PSW?[
640cc143-11d4-38a7-b3d3-d3e8e6ad3683,Ms.,Helen,Aufderhar,"39A Schimmel Keys","Kunde Stravenue",Isabela,Indiana,Pakistan,052-527-739,544-461-934,"Huel, Schumm and Upton",friesen.com,"Substation Maintenance",blue,1992-10-24,dylan.walsh@yahoo.com,Xt:HJC
8b652f49-7145-3d7c-8248-565bb4bfb098,Mr.,Alycia,Romaguera,"48/44 Swaniawski Square","Purdy Square",Panabo,"New York",Uruguay,697-484-941,983-254-445,"O'Kon LLC",haley.net,"Central Office and PBX Installers",silver,1983-11-20,cronin.dean@dicki.com,o'v9QIARF{A
9b126244-b605-3165-9a08-9520fb76395a,Prof.,Anabelle,Ryan,"20A Reinger Hills Suite 021","Bayer Forges","Cavite City","West Virginia",Anguilla,544-312-935,153-999-334,"Harris, Miller and Tremblay",bauch.com,"Health Specialties Teacher",teal,1971-10-29,geovanni08@nader.net,"$l9`V7.vY2]L'5n!\"
55801b92-1001-3cff-bb87-da4a5d22d39f,Dr.,Madelyn,Walker,"96A/94 Emmerich Avenue","Schimmel Mountains",Kidapawan,"New Hampshire","Kyrgyz Republic",282-712-768,668-532-440,"White and Sons",towne.biz,"Pharmaceutical Sales Representative",blue,1985-08-31,jordi08@hotmail.com,"?`C:,E>Cp5/l_0`&z:"
c3e4c682-6dfe-3cb4-a1b1-7225dcbfbd87,Dr.,Fletcher,Predovic,"20A Hills Key","Ondricka Terrace",Caloocan,Utah,Bahrain,324-785-864,907-789-264,"Ullrich Inc",ziemann.com,"Metal Worker",black,2006-05-13,simonis.elda@eichmann.org,"9r`sa!?\]Y/YeZ^^C"
335db672-0cf4-35f9-91ff-3ac5cfa448e9,Dr.,Houston,Collier,"88/73 Heller Vista","Eichmann Ranch",Pasig,Pennsylvania,Belize,566-839-474,460-583-209,Kuhn-Kirlin,thompson.com,"Textile Worker",blue,1985-09-05,hudson.howell@gmail.com,#K}u7:D.}
ab539f8d-94ed-327e-af5f-ab2b2c305b9c,Prof.,Margarett,Rosenbaum,"30/92 Mayert Locks","Torphy Rue","Santa Rosa",Virginia,"Saint Barthelemy",979-456-257,878-860-137,"Gibson, Abshire and Berge",sauer.com,Dishwasher,white,2006-06-12,raymundo30@cummerata.com,"8QsiZl\?@._Ae]yj!,8\"
f9d83e4a-b55b-3d7e-a198-3fc31b1e7d76,Prof.,Fernando,Jacobson,"31 Mayert Lights","Green Crossroad",Baguio,Alabama,Morocco,494-522-173,797-463-517,Legros-Rodriguez,rutherford.com,"Business Teacher",teal,2008-07-10,alexzander67@sawayn.com,t]&WrK!
98b80496-29e9-3111-8901-05a433a41b53,Prof.,Jocelyn,Herzog,"46/23 D'Amore Well Apt. 584","Marks Shores",Olongapo,Massachusetts,Bolivia,265-022-001,153-039-921,Purdy-Gerlach,kertzmann.com,Biochemist,fuchsia,2009-01-11,macie.effertz@terry.com,fu#~J(A
f55e9a79-dfed-308b-b2d5-1814479acb32,Ms.,Jonas,Dietrich,"66A/58 Rau Lodge Apt. 749","Reichert Plains",Naga,"North Carolina","French Southern Territories",412-294-872,459-848-443,Fay-Paucek,koelpin.com,Shampooer,aqua,1988-12-03,precious79@yahoo.com,"g"",~[1atyX6Z""w?VP}"
14bf707e-4137-3537-9f63-b917fa9fd971,Dr.,Arnoldo,Stiedemann,"60A/12 Rath Meadows Apt. 962","Little Meadow",Ilagan,Arkansas,"Cook Islands",626-946-128,732-510-261,Gleason-Cassin,herzog.com,Illustrator,yellow,1989-12-15,gaetano90@yahoo.com,fcF7{rh-B_tCIQc}vV
fd1a57fa-9ce1-31b8-bbca-37fb4227355b,Prof.,Claud,Crooks,"90A Bergstrom Forks","Walter Plaza",Iligan,"New Jersey","French Guiana",508-727-201,321-004-072,"Lubowitz LLC",smith.com,"Administrative Support Supervisors",aqua,1981-02-03,khansen@bode.net,"(pPdEp>+lxzg{*a""-2C"
ced57552-6f09-3856-ac57-11c3493f35c8,Dr.,Landen,Kirlin,"62A Becker Freeway Suite 699","Corwin Shores","San Jose del Monte",Texas,Pakistan,603-801-135,237-317-867,"Denesik, Romaguera and Ernser",adams.info,Waiter,gray,2007-06-09,scarlett.ruecker@russel.com,VNJ=IRftd!gUk
81c71907-eca6-3532-9e50-5a797a635e54,Mr.,Wanda,Farrell,"48/75 Stracke Dam","Larkin Motorway",Kidapawan,Vermont,Colombia,819-748-108,074-599-233,"Effertz Group",herman.biz,"Casting Machine Set-Up Operator",silver,1970-12-22,ikassulke@gmail.com,C~}66H|ohgr]+nP.e
6d8dcaf1-67e1-3a7a-9e28-b45b45791c21,Mr.,Keira,Skiles,"30A Mann Ways Suite 208","Grimes Prairie",Muntinlupa,Massachusetts,Belgium,787-031-989,777-745-741,"Heller Inc",dickinson.com,"MARCOM Manager",black,1982-04-19,moses.renner@yahoo.com,}KE4/zzSNw<C*s+70ga|
35f441a6-d9ff-3908-ba9b-1579aa4b8fb6,Dr.,Bo,Runte,"68 Kertzmann Vista","Mohr Village",Palayan,Minnesota,"Saint Martin",314-468-541,827-323-054,"Spencer and Sons",herman.info,"Fishery Worker",white,1994-03-21,mraz.faye@green.com,)_OtMLu!q5EJDF
89e8e050-1566-347e-a467-88a11c409e2b,Mrs.,Imani,Balistreri,"69/81 Pfeffer Ridges","Grady Alley",Bayugan,Mississippi,"Saint Pierre and Miquelon",302-506-241,948-814-811,Kuhlman-Schulist,wisozk.com,Musician,teal,1980-04-07,zkozey@yahoo.com,QRqK9y']aRI9e2AeLV
